platform,country,rating,date,review_text,detected_lang,sentiment_label,sentiment_score
appstore,jp,5,2026-03-05 17:40:23,普段からお世話になっております。有料化大歓迎なので、モバイル版もサービス継続して欲しいです。買い切りでなく、サブスクでも加入する方はきっと多いはずです。まだお時間あると思います。ご検討いただけますと幸いです。僕は100%今後も使います。,ja,중립,0.6754658222198486
appstore,kr,5,2026-03-03 11:29:32,"너무 잘쓰고 있어요
사비스 중지를 멈출 수는 없는거겠죠?
유료화라도 결제해서 사용할게요
브루를 대체할만한 자막어플이 없어요",ko,긍정,0.9538675546646118
googleplay,kr,5,2026-03-02 05:20:34,모바일 종료라니 ㅜㅜ 너무 잘쓰고 있는데..,ko,중립,0.6174005270004272
googleplay,kr,5,2026-02-27 23:43:07,자막 쉽게 넣을 수 있어서 진짜 너무 편했는데 바로 섭종이라니...;;; ㅠㅠ,ko,중립,0.6935086250305176
googleplay,kr,5,2026-02-25 11:44:50,모바일버전이 없어질 예정이라니... 폰 편집을 자주 활용하는 사람이라 너무 아쉽네요 🥲,ko,중립,0.35803043842315674
googleplay,kr,5,2026-02-24 09:54:37,모바일버전 계속 사용할 수 있게 해주세요 ㅠㅠ,ko,긍정,0.9209828972816467
appstore,kr,5,2026-02-24 08:55:08,사라지지마요..ㅜㅜ 이제 겨우 좋은 어플 찾았는데..ㅜㅜ,ko,중립,0.5569304823875427
appstore,jp,5,2026-02-24 03:34:55,"動画編集の時いつも利用させて頂いています♡
無くなってしまうのは困ります💦
何とかならないのでしょうか…",ja,중립,0.6067878007888794
googleplay,kr,5,2026-02-24 00:37:51,일상 속 간편한 영상제작 하는데 아주 편리해서 모바일 버전 서비스가 곧 종료된다는 소식 너무나도 안타깝게 느껴지네요. 감사했습니다.,ko,긍정,0.9926102757453918
googleplay,jp,5,2026-02-22 01:24:03,最近使うようになりました。今までの AI 文字起こしの中で圧倒的な クオリティです。無料でここまで使えるのはすごいただ 7月でブラウザ版が使えなくなるようです。今後 スマホで使える文字起こし を期待しています。,ja,긍정,0.7277153730392456
googleplay,kr,5,2026-02-21 09:12:09,그동안 진심으로 감사했습니다 7월1일까지 잘 사용하겠습니다 정말 진심으로 감사했습니다,ko,긍정,0.9678726196289062
appstore,kr,5,2026-02-18 07:57:26,good 입니다.,so,긍정,0.9625343084335327
appstore,jp,5,2026-02-16 12:48:35,何年も愛用していました。とっても使いやすく、なくてはならない存在でまさか終了してしまうとは、、とても残念です😢課金するのでなくならないで。,ja,중립,0.6490420699119568
googleplay,kr,5,2026-02-13 00:21:42,영상 편집이 작업이 편해서 좋아요,ko,긍정,0.9587379693984985
googleplay,kr,4,2026-02-12 18:40:55,"PC다운 받을수 있다고 했는데,,,안되는데요. 어떻게 해야하는지..",ko,부정,0.05303405597805977
appstore,kr,5,2026-02-09 13:19:52,ㅠㅠ 아쉽네요 이어플 너무 좋은데,ko,긍정,0.7022277116775513
appstore,kr,5,2026-02-05 15:43:23,"이거만큼 자동자막 잘되는 앱이없는데ㅠㅠㅠㅠ 
업데이트 해달라고 안 할테니까 지금 쓰는 모바일 버전만 그대로 둬주시면 안 돼요…?
아이패드로 편집하는 사람에게 모바일 버전 서비스 종료는 청천벽력같은 소식입니다….
제발 재고해주세요 한 번만 좀 징징댈게요 제발요ㅠㅠㅠ",ko,긍정,0.7751598954200745
appstore,jp,5,2026-02-05 05:11:56,ずっと使ってきたから残念です。このあとはどうしようかパソコンでやるか考え中です😢,ja,긍정,0.7547709941864014
appstore,jp,5,2026-02-02 00:00:37,初心者がテロップをつけるのにとても助かるアプリです！ありがとうございます！,ja,긍정,0.7652035355567932
appstore,jp,5,2026-01-30 20:56:33,動画のカットもテロップ打ち込みもやり易く視覚的に分かるの、重宝していましたが、2026年6月以降終わってしまうのがかなりショックです、有料プランだけでも継続を強く希望します,ja,중립,0.5864322185516357
appstore,kr,5,2026-01-30 13:50:15,이리 좋은 자동 자막 모바일 앱이 서비스 종료된다니 매우 안타깝습니다!,ko,긍정,0.9826344847679138
appstore,kr,5,2026-01-28 00:13:53,"모바일로 주로 하는 수업에 사용하고 있었습니다. 직관적이고 딱 필요한 기능만 있어서 정말 감사히 쓰고 있었는데 너무 아쉽습니다. 
구매형이라도 있으면 좋을텐데요. 
pc로 작업하기에는 스마트폰 활용수업에는 어려운 점이 많습니다. 방법이 없을지요? ㅠㅠ",ko,중립,0.43114954233169556
appstore,jp,1,2026-01-27 05:05:18,最新版0.9.9になってからエクスポートする時に予期せぬエラーが表示され出力されない。バージョンアップでなんの昨日追加もされてないし、不具合が起きるようになっぢけなので早急に一つ前のバージョンに戻して欲しい。,ja,부정,0.18380336463451385
appstore,jp,5,2026-01-24 12:56:26,vrewは大変優秀なアプリで助かっております課金制度にしてサービスを続けて欲しいです。,ja,긍정,0.7601349353790283
appstore,jp,4,2026-01-22 08:56:03,"サービス終了てマジですか！！すごくショック！
めちゃ愛用してたので悲しいです。",ja,중립,0.5375859141349792
appstore,jp,5,2026-01-22 00:38:29,とても使いやすくて、何年も使用させていただいた。サービス終了は残念だが今までありがとうございました。,ja,중립,0.6228392720222473
appstore,jp,5,2026-01-21 09:28:39,モバイル版がなくなる事、とても残念です。何とか復活してくれることを希望します。,ja,긍정,0.7536877393722534
appstore,kr,1,2026-01-21 07:30:36,"-12905 알수없는 오류발생으로 영상내보내기가 안되고있습니다 ㅠ
핸드폰용량은 넉넉한데 어떤이유때문에 그럴까요? 10%정도 내보내다가 갑자기 되지않습니다......",ko,부정,0.003150887554511428
googleplay,kr,5,2026-01-21 03:50:19,브루 사용 안하고 있어서 정기결제 취소 했는데 20일 정기 결제가 되었어요 취소해주세요,ko,부정,0.11502594500780106
appstore,kr,5,2026-01-18 05:27:29,"모바일버전으로 편집한 영상 덕에 인스타 팔로워도 많이 늘리고ㅠ 브류모바일버전 너무 정들었는데ㅠㅠ
부활여부도 꼭 고려해주세요ㅜㅜ",ko,긍정,0.9888105392456055
appstore,kr,5,2026-01-17 13:13:59,잘 이용해 왔는데 아쉽네요ㅠㅠ,ko,부정,0.041865479201078415
googleplay,kr,5,2026-01-11 18:29:21,진짜 갓 프로그램입니다... 막 엄청난 편집 필요하지 않고 간단한 자막 넣고 클립 나누는 편집하실 분들께 적극 추천합니다.,ko,긍정,0.9851495027542114
appstore,kr,4,2026-01-07 15:16:28,알려주세용 ㅠㅠ,ko,긍정,0.7396930456161499
googleplay,kr,5,2026-01-07 08:04:07,업데이트 이후 현재 작동불능입니다. 선처바랍니다,ko,부정,0.28421247005462646
googleplay,kr,3,2026-01-05 11:18:17,영상 만들어서 내보내면 왜 0.5배속으로 자꾸 뽑히나요??,ko,부정,0.023728664964437485
googleplay,kr,5,2025-12-30 17:03:16,초보자도 쉽게 만들 수 있는 앱,ko,긍정,0.9790104627609253
appstore,kr,4,2025-12-28 17:31:59,누구나 편리하게 사용할수 있어요 최고의 편집 앱 입니다,ko,긍정,0.9924778938293457
appstore,jp,1,2025-12-14 04:54:08,iPhoneアップデートから、ボイスメモ→vrew へのコピーができない。私だけか？？,ja,중립,0.5062863826751709
appstore,kr,5,2025-12-14 04:04:12,"다 좋은데 pc에서만 제공되는 기능이 있는데 모바일에서도 제공이 되었으면 좋겠어요 
거창할 편집을 할 건 아닌데 매번 pc로 해야하니 불편하네요",ko,중립,0.6702731847763062
googleplay,kr,1,2025-11-27 15:50:34,구글 정기결제 목록에 없는데 결제됬다고 문자가 왔네요 처리해주세요,ko,부정,0.27405455708503723
googleplay,kr,3,2025-11-27 02:42:21,설치하고 테스트도 몇번 해봤는데 지금 갑자기 들어가려니까 오류 뜨더니 안들어가지네요! 그래서 앱 삭제하고 다시 재 설치 하려했더니 다른기기(폰)에서 다운로드만 뜹니다. 왜이러는 거죠? pc로 다운로드 못하는 건가요?,ko,부정,0.04627640172839165
googleplay,us,3,2025-11-24 10:00:45,Will ai voiceovers be ported,en,긍정,0.8202837705612183
googleplay,kr,1,2025-11-22 09:40:25,app앱에서는 되는 기능이 1도 없어요. 왜 만든거에요?,ko,부정,0.01274697482585907
appstore,jp,1,2025-11-16 05:20:32,PC版でなければai音声を生成できない。iPhoneで作業したいため、いまは仕方なくCapCutを使っている。,ja,중립,0.6646183133125305
googleplay,jp,1,2025-11-13 23:03:14,タブレットからじゃ何もできないのか?,ja,중립,0.33604493737220764
googleplay,kr,5,2025-11-12 21:10:11,"처음 경험하는 Vrew, 생소하고 긴장이 됩니다. 열심히 배워 잘 활용하도록 하겠습니다. 감사합니다.",ko,긍정,0.971886157989502
googleplay,us,5,2025-11-04 22:11:42,"The search function is powerful, I can find a dinner based on just two ingredients",en,긍정,0.8682600259780884
appstore,kr,5,2025-11-01 07:40:33,"저는 학교에서 디지털 수업하다 알게 되었는데, 왜 깔게 되었냐면 저는 유튜버기 때문입니다. 유튜버 초보자가 사용하기 너무 좋은 것 같아요.자막도 충분쓰. 저는 그래서 5점 드릴게요.이 앱은 돈도 안 줘도 되고 광고도 없고 빨리 편집하기가 넘 좋습니다.",ko,긍정,0.9880657196044922
googleplay,kr,1,2025-10-30 22:28:59,아무것도 안돼는데요?,ko,부정,0.010847879573702812
googleplay,kr,1,2025-10-26 20:01:29,앱에서는 할수있논갯도 없고 전부 pc에서 하라는데 앱은 뭐하러 만든거야 어이가 없녜,ko,부정,0.004830807913094759
appstore,jp,5,2025-10-26 10:55:36,使いやすいです,ja,긍정,0.7414151430130005
googleplay,us,4,2025-10-24 05:02:59,"love it. please add more languages, and fix the sound bugs",en,긍정,0.9769333004951477
googleplay,kr,5,2025-10-19 10:50:57,완전 좋아요,ko,긍정,0.7881698608398438
googleplay,kr,5,2025-10-17 21:19:49,갤럭시텝으로 사용하고 싶은데 pc버전은 안되나요?,ko,중립,0.6975938081741333
googleplay,kr,3,2025-10-10 20:04:34,태블릿은 영상 두개를 합쳐서 쓸수가 없네요,ko,중립,0.315340131521225
googleplay,kr,3,2025-10-10 11:42:37,내보내기 안됨 오류 어떻게 하나요? 유료결제해서 사용잘하고있다가 지난주부터 영상내보내기 안되서 아예 사용못하고있어요. 작업시간만 많이들였는데 마지막에 내보내기 안되고 다시 해도 안되고 그래요. 방법좀 알려주세요,ko,부정,0.005860824603587389
appstore,kr,1,2025-10-06 09:39:14,왜이렁게 어렵게 회원가입을 하라는건지모르겠네요ㅠㅠㅠ 똥밟았다고 생각할께요ㅠㅠㅠ,ko,부정,0.050165947526693344
googleplay,kr,4,2025-10-05 20:04:21,힌디어자막 만들기도 지원해주세요/유튜브 주소링크 영상으로 자막 생성할수있게 업데이트와 수정해주세요,ko,긍정,0.9112779498100281
googleplay,kr,1,2025-10-05 11:35:05,유료결제했는데 전부다 pc버전에서 쓰라고하면 어플에서 되는건 뭔가요?,ko,부정,0.155710831284523
appstore,jp,5,2025-10-04 10:15:31,即座に文字起こししてくれるアプリのパイオニア！他のアプリ使っても結局vrewが1番！,ja,중립,0.646470844745636
googleplay,kr,5,2025-10-03 01:37:53,글씨체 어떻게 바꿔요?? 아이폰에서 안드로이드로ㅜ바꿨는데... 왜 글씨체가 안바뀔까요??? 왜 없을까요 돈 쓰라면 쓸께요 ㅠㅠ,ko,부정,0.1510421633720398
googleplay,kr,5,2025-10-02 13:54:35,멋진 영상 만들어 볼께요 감사합니다,ko,긍정,0.9615800380706787
appstore,kr,5,2025-09-30 13:21:17,술래잡기,unknown,중립,0.6911348700523376
googleplay,kr,4,2025-09-29 16:17:23,자막 개별 색상 변경은 어떻게하나요? 하나씩 선택해서 눌러봐도 모든자막전체 색상이 다 변해버려요,ko,부정,0.12355361878871918
googleplay,kr,3,2025-09-03 07:33:07,저장하면 영상이 깨집니다. 개선이 되었으면 좋겠네요.,ko,중립,0.45549970865249634
appstore,jp,3,2025-09-02 19:04:05,"パソコンからはGoogleアカウントでログインが出来るのに、iPhoneアプリからは使えないのでしょうか。
パソコンからGoogleログインを設定したので、共用するには普通にメールアドレスとパスワードでアカウントを作り直さなければなりません。",ja,중립,0.6125834584236145
appstore,kr,3,2025-09-02 14:11:18,할수있는게 너무 없네요ㅠㅠ,ko,부정,0.20166246592998505
googleplay,kr,5,2025-09-02 01:28:07,완전 제가 찾던 앱 그자체ㅠㅠ 넘 좋아요,ko,긍정,0.9925897121429443
googleplay,kr,4,2025-08-28 21:49:36,편집이랑 자막도 잘 되는데 스티커랑 노래를 못 넣는게 단점이라고 보시면 되겠습니다.,ko,긍정,0.788115382194519
googleplay,kr,5,2025-08-22 00:32:04,아주 유용하게 잘 쓰고 있습니다,ko,긍정,0.8907942771911621
googleplay,us,3,2025-08-19 03:56:38,"a good app, captions are on point, but when I do the generation on videos, often it generate a slow different voice distorting the video sound, as it's not the same. hope you fix that",en,긍정,0.9488054513931274
googleplay,kr,5,2025-08-16 11:21:48,잘 사용,unknown,긍정,0.9129928946495056
googleplay,kr,2,2025-08-15 14:22:54,다좋은데 모바일로는 할수있는게 없음,ko,중립,0.521841287612915
googleplay,kr,5,2025-08-12 11:40:15,쓰기 편해서 진짜 좋네요. 초보분들 이걸로 편집 시작하시면 좋을 듯,ko,긍정,0.9848207831382751
appstore,kr,5,2025-08-05 10:40:20,컴퓨터 브류 유료결제해서 사용중인데 모바일 연동 안되나요 ㅠㅠㅠ,ko,부정,0.22984690964221954
googleplay,kr,4,2025-08-04 14:46:08,AI이미지 다운로드 할시 자꾸 기형사람 사진이 자주 생성되요 사람 손가락이 6개 이런 기형사람 이미지가 생성됩니다. 이거문제좀 해결해 주세요.,ko,중립,0.34687861800193787
googleplay,kr,5,2025-08-01 12:03:13,유료 연간 구독자입니다. 다 좋습니다~ 다루기에 직관적이고 쉽습니다. 그런데 음성이랑 생성된 자막이 불일치할 때가 적지 않습니다. 이 부분 때문에 일일이 자막과 소리가 일치하는지 다 들어보면서 확인한 후 편집해야 하는 번거로움이 있습니다. 이 부분 개선해주시면 감사하겠습니다. 개선 확인되면 이 리뷰는 바로 삭제하거나 수정하겠습니다.,ko,긍정,0.8533897399902344
googleplay,kr,2,2025-07-29 14:02:49,긴 영상 편집 다 했는데 자막 밀리고 영상 밀리고 엉망임.,ko,부정,0.004422795493155718
appstore,jp,1,2025-07-28 08:17:37,"画像、動画何も読み込めない。
速攻で退会した。",ja,중립,0.5024007558822632
googleplay,kr,2,2025-07-19 07:09:07,영상브루로편집하고나면 음성과영상이 불일치하듯이 살짝늘밀립니다...ㅜ.ㅜ 브루를자막으로안쓰고 원본에 자막이있는영상을 무음부분제거용으로쓰는데 브루로인코딩하고나면 처음엔 안밀리다가 중간부분부터 한 0.5초?정도자막이 밀리는증상이심합니다 늘 그래요,ko,부정,0.017481310293078423
googleplay,kr,1,2025-07-14 13:03:09,전화를 많이 시도 했는데 절대 전화를 안받아서 짜증남,ko,부정,0.0031461885664612055
googleplay,kr,5,2025-07-14 11:33:57,바탕화면의바로가기만들기,ko,중립,0.5507052540779114
googleplay,kr,1,2025-07-11 08:35:05,내보내기가 안돼요,ko,부정,0.024165086448192596
googleplay,kr,1,2025-07-10 12:27:23,목소리가 슬로우모드에 음성변조가되버려요,ko,부정,0.07660089433193207
googleplay,us,5,2025-07-09 13:21:42,Are there any subtitles,en,긍정,0.731659471988678
googleplay,us,5,2025-07-01 07:31:44,i hope you can add language translate like chinese to english,en,중립,0.6762660145759583
googleplay,kr,3,2025-06-26 21:13:01,아니..초라고 말했는데..왜 호흡이라고 다오죠?그리고 글씨 색깔은 어떡에 봐꿔요?좋은 점는 초라고 말했는데 호흡이라고 나왔다고 했잖아요.호흡을 초로 글씨로 봐꿔도 됬서 3점 드려게요!,ko,부정,0.00359828001819551
googleplay,kr,1,2025-06-23 14:15:08,힘들게 편집다하고 내보내기 누르면 영상 끊기고 자막밀려서 쓸수가 없어요,ko,부정,0.0025767486076802015
appstore,kr,4,2025-06-22 17:37:37,왜 안돼죠?,ko,중립,0.3668596148490906
googleplay,jp,2,2025-06-19 13:49:27,一度編集しかけたプロジェクトを開こうとすると、アプリが終了してしまう。コンセプトは良いが、PC版でないと使用困難。,ja,중립,0.6685880422592163
googleplay,kr,4,2025-06-19 08:29:42,한번도 사용을 하지않았습니다 ai추천으로,ko,부정,0.09705114364624023
googleplay,kr,5,2025-06-18 21:52:53,너무 좋은 앱을 만들어주셔서 감사합니다. 잘 사용하고 있습니다.,ko,긍정,0.9729180932044983
appstore,kr,1,2025-06-15 00:22:16,대체 앱으로 할수 있는게 뭐죠? ;;;;,ko,부정,0.19512829184532166
appstore,jp,1,2025-06-13 13:26:37,"I’ve never been able to use the mobile app because there’s no option to log in with a Google account. As a paying user, it’s frustrating that this login method isn’t even available. I’ve been editing videos using the PC version instead, but I really hope you will add Google login support for the mobile app soon. アプリ版は使いたくても、Googleアカウントでログインできないため一度も使えていません。そもそもログイン方法としてGoogleアカウントが用意されていないのは、有料ユーザーとして納得がいきません。仕方なくPC版で動画編集をしていますが、アプリでも使えるように早急に対応していただきたいです。",en,긍정,0.7652928829193115
googleplay,kr,4,2025-06-12 11:03:44,편리하게 사용하고 있어요,ko,긍정,0.9516720771789551
googleplay,kr,5,2025-06-09 16:04:36,유용하게 사용하고 있습니다! 다만 태블릿으로 주로 영상 제작을 하다 보니 가로모드가 지원되지 않는 것이 조금 아쉽습니다만 추후에 기능이 추가될 예정이 있으신지요?,ko,긍정,0.96548992395401
googleplay,kr,5,2025-06-03 06:00:50,자막용으로 잘 사용하고 있는 편집기입니다 다만 영상의 비율이 강제로 달라지는 건 해결할 방법이 없나요?,ko,중립,0.6048291325569153
googleplay,kr,1,2025-05-30 21:07:24,핸드폰으로 사용불가,ko,부정,0.013043991290032864
googleplay,kr,1,2025-05-26 01:36:26,모바일 은 안됨 pc만 되네,ko,부정,0.008789986371994019
googleplay,jp,1,2025-05-25 15:40:33,パソコンで使用できない,ja,긍정,0.7217273116111755
googleplay,us,5,2025-05-11 02:40:39,good app but I think it should be aloud to move the caption to middle or top,en,긍정,0.9438025951385498
appstore,jp,1,2025-05-09 06:36:52,文字起こしをしたいのに、スロー再生になって音声も文字も意味が全く分からない。,ja,긍정,0.8759403228759766
googleplay,kr,5,2025-05-06 07:05:44,영상 편집이 쉽고 좋아요. 무료이라서 쉽게 접근할 수 있고요. 앞으로 잘 써 보려고 합니다. 아직 많이 사용해보지는 않았지만 많은 유튜버님 들이 좋다고 합니다.,ko,긍정,0.9885677099227905
appstore,jp,4,2025-05-05 12:10:03,"よく分からなくてすぐ削除したんだけど再びどうにも翻訳が必要になり再挑戦。
今回はすぐ翻訳できました！前は何故出来なかったのかが思い出せない…。
分数制限とかあるんですかね？",ja,중립,0.5100265145301819
googleplay,kr,3,2025-04-28 12:09:59,모바일도 Ai 영상편집 가능하게 해주세요 빨리요,ko,긍정,0.9051650166511536
appstore,jp,3,2025-04-28 07:06:32,なんか原因不明のアプリ落ちて今現在困ってるけど、原因分からないから最悪,ja,부정,0.08641936630010605
googleplay,kr,4,2025-04-25 19:10:38,정보 확인,ko,긍정,0.9102239012718201
googleplay,kr,1,2025-04-23 10:54:05,"이거 그냥 광고앱임. 영상제작.편집기능없음 앱클릭하면 PC에서만 제작 가능하다며, 홈페이지 방문하라고만 나옴",ko,부정,0.0042620752938091755
googleplay,kr,2,2025-04-22 22:26:02,자막이 동영상 화면 마다 들어오지 않고 한꺼번에 들어오고요. 책까지 사봤는데 어렵네요.,ko,부정,0.027087898924946785
googleplay,kr,5,2025-04-18 17:54:42,유료 구독자 입니다. 앱에서 로그인은 어떻게 하는걸까요?,ko,중립,0.5761761665344238
googleplay,kr,3,2025-04-17 00:20:27,핸드폰으로 실행했는데 자동 자막이 엉뚱하게 나옵니다. 아직 완성도가 많이 떨어지는 것 같네요.,ko,부정,0.035298898816108704
appstore,kr,4,2025-04-14 13:08:42,PC에서 너무 잘쓰고 있어서 모바일로 받았는데요~ PC에서는 음성 불러와서 그 음성에 맞는 영상이나 사진 추가해서 만들수가 있었는데 모바일에서는 음성+,ko,중립,0.48529359698295593
appstore,jp,5,2025-04-14 09:14:59,なぜbgmは入れれて効果音は入れれないのでしょう？iPad版にも早く実装してほしいです。,ja,중립,0.5413743853569031
appstore,jp,5,2025-04-10 15:25:16,これは使いやすい！初めてなのにスイスイ使えるー❣️,ja,긍정,0.7152528166770935
googleplay,kr,5,2025-04-08 17:28:08,pc로는 정말 감사하게 사용하고 있습니다만. 모바일에서는 원래작동을 안하는건가요?,ko,중립,0.3696001470088959
googleplay,kr,4,2025-03-21 03:21:00,자막이 정확한 편입니다 다좋은데 저장하고보니 자막이 밀렸네요...,ko,긍정,0.7569750547409058
googleplay,kr,1,2025-03-17 18:25:56,이런 아무것도 안되는 앱은 왜올리는걸까 기능없고 단순홍보용이라고 써두던지..,ko,부정,0.010413525626063347
googleplay,kr,5,2025-03-15 20:00:47,편집에 유용합니다,ko,긍정,0.9240326881408691
googleplay,jp,4,2025-03-15 15:54:07,★アンドロイド版を便利に使っていたが、動画の再生が超スローになるトラブル発生。キャッシュ払う、インストし直す、デバイス再起動を試すが元に戻らず。代替アプリも見当たらず、痛い。 ★★★★ 星一つ評価付けたら、サポートからメール。動画ファイルの情報量が課題であることを示唆する内容。動画の長さを詰めたり、画面をトリミングしたり、画質を調整したりで対応すると、うまく動くように。音と文字がズレる現象にも悩まされたが、それもついでに解消された。無料アプリだから、使い方を工夫しながら付き合う必要があるのは、仕方がない。それでも、無料でここまでできるのは、スゴいこと。某PDで手動でしていた作業が、嘘みたいに楽になる。ジェットカットしてアップしたショート動画は、明らかに視聴者の反応がよくなっている。おススメです。今後も使い続けますのでバージョンアップよろしくお願いします。,ja,중립,0.6540184617042542
googleplay,kr,5,2025-03-13 11:02:23,자동 동영상편집이라니 신기합니다.,ko,긍정,0.7693402171134949
googleplay,kr,2,2025-03-10 02:42:57,"이해가 안 되는게, ai사진, ai목소리와 같은 기능을 컴퓨터에서만 쓸 수 있도록 했으면 갖다놓지 않는게 맞는데, 세 프로젝트를 누르니 이 기능이 떠서 봤더니 PC에서만 쓸 수 있다 하면 이용자는 많이 당황할겁니다, 이 기능들 빨리 모바일에서도 쓰게 해주세요.",ko,중립,0.35051265358924866
googleplay,kr,5,2025-03-09 23:39:33,최고입니다. 이런 앱이 무료라니,ko,긍정,0.9866699576377869
googleplay,us,1,2025-03-05 04:50:29,It's nice,en,긍정,0.7462067008018494
googleplay,kr,5,2025-03-02 16:57:07,좋습니다. 최고입니다,ko,긍정,0.9459760189056396
googleplay,kr,4,2025-02-15 10:04:45,자동자막 지원,ko,중립,0.6453232765197754
googleplay,kr,5,2025-02-12 23:23:29,안녕하세요 저는 pc로 브루라는 편집 프로그램을 즐기고 있는 사람입니다 저는 이 프로그램을 강력추천합니다 ai목소리 그리고 캐릭터 자동으로 등등 너무 좋은게 많아서 말도 못할거 같아요 이거 진짜 어떻게 보면 단순하고 좋아요 깔면 좋음 아직 휴대폰은 사용 안해봤습니다,ko,긍정,0.9922817349433899
googleplay,us,5,2025-02-11 07:10:43,Working perfectly with me. Thank you.,en,긍정,0.9724746346473694
googleplay,kr,5,2025-02-11 02:28:10,좋은데 안드도 기능들이 많아졌으면 하고 폰트도 많아졌음 좋겠어요 아니면 사용자 폰트로 선택할수 있게 ㅜ,ko,긍정,0.9145660400390625
googleplay,us,1,2025-02-07 19:02:31,Text on images,en,중립,0.6121492385864258
googleplay,kr,5,2025-02-04 19:07:21,사랑해.,unknown,긍정,0.9136209487915039
googleplay,us,1,2025-02-03 11:20:52,fake app P😡😡,no,중립,0.669624388217926
googleplay,kr,2,2025-01-29 19:42:58,휴대폰에서 잘못번역된 자막수정이되지 않아요,ko,부정,0.03372380882501602
googleplay,us,1,2025-01-29 06:29:22,Ewww 😢 😭 😿,cy,긍정,0.918521523475647
googleplay,jp,1,2025-01-18 14:15:55,そもそもＰＣでやる動画編集だから、携帯やタブレットでは出来ないようになっているのか？ 外出先でも出来るようにして貰いたい。 いきなり「新しいプロジェクト選択」となっても、新たな動画を作れないのは残念,ja,긍정,0.7904053330421448
googleplay,us,1,2025-01-18 01:32:07,add turkish,so,중립,0.6771547198295593
appstore,kr,5,2025-01-14 07:09:17,그냥 대박임 간단 명료하고 필요한 기능만 똭!!!,ko,긍정,0.9822383522987366
googleplay,kr,3,2025-01-12 21:35:18,Pc랑 달른거 같아요 그대신 재미있게 만들어 졌어요,ko,긍정,0.8515937328338623
googleplay,kr,1,2025-01-02 08:14:10,"자동 구독취소와 환불을 요청하면 빠른 처리해주세요. 결재는 빼가는데, 구독취소와 환불은 왜 이렇게 어렵게 하는지. 이건 아닌듯.",ko,부정,0.007555220276117325
googleplay,kr,5,2024-12-26 00:45:51,I can tell this is a very well made program but it's hard to pay for upgrading.,en,중립,0.6758875846862793
googleplay,us,5,2024-12-22 05:54:55,روعع,unknown,중립,0.676753580570221
googleplay,jp,1,2024-12-21 16:41:20,アップルストアの人のと中身があまりにも違い過ぎる！ バージョンが古い古い 使い物にならない！ 速くアプデしてほしい。,ja,긍정,0.7801125645637512
googleplay,kr,5,2024-12-21 00:04:01,캡컷 유료화 계속 하고 언제 털릴지 모르는 중국 어플 캡컷 쓰느니 이거 쓴다..,ko,중립,0.31206247210502625
googleplay,kr,1,2024-11-28 19:21:57,무슨 편집앱이라는게 편집 좀 만 하면 영상 파일이 망가져서 나오나요? 이런 앱이 세상에 존재 한다는것이 정말 놀랍습니다.,ko,중립,0.35106074810028076
googleplay,kr,5,2024-11-25 01:27:02,모바일 앱도 더 잘 만들어주세요~,ko,긍정,0.8853790760040283
googleplay,us,5,2024-11-21 07:35:02,Amazing app,tl,긍정,0.808008074760437
googleplay,kr,1,2024-11-17 02:37:09,1년자동결제 아직 1달 남앗는데 돈이 빠져나갔네요. 구독 취소 햇으니 환불 처리 해주세요. 그리고 돈 빠져나가기전 미리 메일 안주나요?,ko,부정,0.008450770750641823
googleplay,us,4,2024-11-11 18:51:41,Please add Tagalog language,tl,긍정,0.8190613985061646
googleplay,kr,5,2024-11-09 07:02:18,찐 좋음,unknown,긍정,0.9692614674568176
googleplay,kr,3,2024-11-03 02:27:07,잘사용하다가 갑자기 내보내기가 안되요 ㅠ,ko,부정,0.041691768914461136
googleplay,us,2,2024-11-02 00:28:13,The subtitles aren't correct. Plus it skips lots of words from being translated. Apps still needs lots of development. Extra star because it is Ads free.,en,긍정,0.8526887893676758
googleplay,us,5,2024-10-29 10:40:52,Ze eZezzzee zzzzzzzz,hu,중립,0.46612802147865295
googleplay,kr,5,2024-10-25 22:28:07,다 좋은데. 테블릿에서 가로모드가 안되는것이 아쉽네요.,ko,중립,0.4978716969490051
googleplay,jp,1,2024-10-20 13:55:05,テキストからムービー作成、Android版でも使えるようにしてほしい,ja,중립,0.5579854846000671
googleplay,kr,1,2024-10-19 00:57:20,PC에서 설치후 UI가 마음에 들어서 사용하려 해도 회원가입 메일이 안오는데 어쩌라는 건가요???? 재발송 눌러도 절대 안옵니다 gmail 19일 오전 0시 기준,ko,부정,0.018130186945199966
googleplay,kr,5,2024-10-15 02:26:41,Pc버젼보다는 좀 떨어지지만.. 쓸만하네요.. pc버젼만큼의 성능은 불가능한건가요?,ko,긍정,0.8631555438041687
googleplay,kr,5,2024-10-12 20:11:37,"브루 앱 덕분에 제 유튜브 영상 자막추가 성공했습니다 브루 앱 강추합니다 전 주로 유튜브 영상 제작할때 사용하고 있습니다 사용법도 엄청 쉬워서 저같은 왕초보도 쉽게 성공했습니다 여러분 브루 앱 꼭 쓰세요 특히 쇼츠 영상 만들때 딱 좋습니다 자막 제작방법 종류별로 있어서 본인 스타일대로 꾸밀수 있으며 글자,배경,위치도 변경가능 하더라고요 전 완전 대만족~👍",ko,긍정,0.9933751225471497
googleplay,kr,3,2024-10-02 23:19:43,모바일에서 간단히자막넣기만 가능하고 사용되다 지금은 영상내보내기 안되여 두번삭제하고 다시깔아는데도 오류 원인이 뭘가요,ko,부정,0.004259178880602121
appstore,jp,5,2024-10-02 03:37:26,字幕や編集に役立ちます。,ja,중립,0.6475653648376465
googleplay,kr,5,2024-10-01 02:24:02,인공지능 자막이라 자막작업하기 좋아요. 다루기가 쉬워요. 워터마크도 세련되고 앞부분에 잠깐 나와서 무료 체험하는 동안 유료로 쓰고 싶다는 생각을 하게 돼요. 번역 자막도 외국 앱인 Fi+++++에 비해서 훨씬 좋았어요.,ko,긍정,0.9925206899642944
googleplay,us,1,2024-09-30 06:04:56,Good so far.,so,긍정,0.9713007807731628
appstore,kr,4,2024-09-26 23:08:57,안녕하세요 서비스 너무 잘 쓰고 있는데요 PC에서 작업하던 프로젝트를 아이폰이나 아이패드로 이어서 작업할 수 있는 방법은 없나요?,ko,긍정,0.9194636344909668
googleplay,kr,1,2024-09-21 06:55:57,pc버전이랑 기능차이 많아!! =쓸모없음!,ko,부정,0.015922071412205696
appstore,jp,4,2024-09-19 00:44:36,古稀のシニアにやる気を起こさせて くれて本当に嬉しい😃まだ拙い 字幕だけど達成感あり🙏,ja,긍정,0.8475369215011597
googleplay,kr,2,2024-09-18 18:53:28,제발 아이폰처럼 세부적으로 작업할수있게 해주세요 진짜 제발 평생 사용할 의향 있으니깐요,ko,긍정,0.8817095160484314
appstore,jp,5,2024-09-15 09:33:47,めちゃくちゃ使いやすい！,ja,긍정,0.7504141330718994
googleplay,us,5,2024-09-11 03:07:03,Ngl.. legit it is very good app for exact captions I love it. Thankyou so much,en,긍정,0.955466628074646
googleplay,kr,5,2024-09-09 08:10:20,가끔 영상 업로드가 잘 안되지만 그래도 훌륭합니다 잘 사용하고 있습니다,ko,긍정,0.9759539365768433
googleplay,us,4,2024-09-07 21:15:54,Why does it take a long time to export videos?,en,긍정,0.8437511920928955
googleplay,us,5,2024-09-02 20:52:10,Good,unknown,긍정,0.9696378111839294
googleplay,kr,1,2024-08-26 13:37:21,PC버전이랑 똑같이 할 수 있게 만들어줬으면 좋겠음... ㅈㅂ...,ko,중립,0.4985928237438202
googleplay,kr,5,2024-08-14 19:41:19,앱 자체도 깔끔 간단하고 영상 넣기만해도 어느정도 자막이 다 생성돼서 너무 편하고 좋습니다!!,ko,긍정,0.9920837879180908
googleplay,kr,4,2024-08-13 07:33:50,잘 사용해 보것습니다,ko,중립,0.4887315034866333
googleplay,kr,4,2024-08-12 08:37:33,ai가 동영상 추천 데이터가 작내요 프로그램 사용법도 부족하구요,ko,부정,0.01960027776658535
appstore,kr,3,2024-08-07 22:15:00,"캡컷 버릴수있었는데…….하…진짜 뭘 써봐도 캡컷만한게 없는듯
Pc버전도 아니고 아이패드랑 폰뿐이라서 안타깝지만 다시 캡컷으로 돌아감. . . . 그래도 블로 웨일로 필모라 키마 보다 편하고 좋음 모바일버전도 효과음만 넣어줘도 좋을듯 텍스트추가는왜 안됨?",ko,긍정,0.9752230048179626
googleplay,kr,4,2024-08-04 18:21:54,좋아요. 근데 자막 스타일 수정하려고 하면 앱 종료되네요.,ko,긍정,0.9441789388656616
googleplay,jp,1,2024-08-03 01:51:08,最近のバージョンからなのか、文字のスタイルを変更しようとするとホーム画面に戻ったり落ちたりしてしまいます。,ja,중립,0.42356574535369873
googleplay,kr,1,2024-07-29 12:43:12,자막스타일 편집하려고하면 강제종료됨,ko,부정,0.11739900708198547
googleplay,kr,4,2024-07-21 10:46:26,음성인식해서 자막추출하는데 백그라운드로 다른앱으로 넘어가면 작동을 안하네요? 이정도는 되야할것같아요,ko,긍정,0.8229382634162903
appstore,kr,5,2024-07-19 05:01:41,너무 감사 무한감사 드립니다 ..,ko,긍정,0.9753627181053162
googleplay,jp,3,2024-07-02 03:19:01,写真を繋いで動画にはできない。使えない。,ja,중립,0.6517313718795776
googleplay,us,1,2024-06-29 13:06:43,It's a freaking scam.,en,긍정,0.8941686153411865
googleplay,jp,2,2024-06-16 21:32:24,音声の取得が不安定で進捗率が進みません。 改善を求めます,ja,부정,0.19533231854438782
googleplay,jp,5,2024-06-10 01:37:05,よくわからない,ja,중립,0.676753580570221
googleplay,kr,1,2024-06-09 12:10:08,앱버그 발생해서 안돼요,ko,부정,0.03245100378990173
googleplay,kr,5,2024-06-07 22:12:22,잘모르겠음,ko,중립,0.30249327421188354
appstore,jp,5,2024-06-04 00:08:51,"動画を読み込もうとすると、401エラーが出ます。

再起動すれば直りますが、なんとかなりませんか？",ja,중립,0.6460884213447571
appstore,jp,4,2024-05-30 16:53:07,縦書きができれば最高です！！お願いします！,ja,긍정,0.9600057601928711
googleplay,kr,3,2024-05-28 19:48:32,음성 인식을 잘 못하네요,ko,부정,0.02651493437588215
appstore,kr,3,2024-05-27 16:22:17,루마퓨전으로 60fps로 작업한 영상을 자막을 넣어서 vrew로 4K 60fps로 출력하면 4K 30fps로 인코딩이 되네요. 원본은 60fps인데 60fps로 설정해도 왜 30fps로 나오나요?,ko,부정,0.13670454919338226
googleplay,kr,4,2024-05-24 19:34:22,자동 자막 생성되고 너무 좋은데 저는 싱크가 딜레이 되는 문제점이 있습니다 음성이 맞지 않아요 컷을 없애면 자꾸 뒤로 밀립니다 이 문제점 개선 안 될까요?,ko,부정,0.1549980342388153
googleplay,jp,1,2024-05-23 02:17:55,新しいプロジェクト→動画がありません、から進めないのですが新規から作ることが出来ないのでしょうか？,ja,중립,0.5326968431472778
googleplay,kr,1,2024-05-22 10:17:43,영상제작시 ai 음성 지원 무료 체험이 있으나 이것 저것 금방소진됨. 유료 결재를 해야 ai 목소리 추가로 사용할 수있음. 가격이 타사 제품보다 비싼편임,ko,부정,0.014175869524478912
appstore,jp,5,2024-05-22 00:00:53,すごいと思った！,ja,긍정,0.8388696312904358
googleplay,kr,4,2024-05-18 11:55:07,"소문 듣고 이제 시작, 사용해 보고 리뷰 올릴게용",ko,긍정,0.7637034058570862
appstore,jp,3,2024-05-16 02:24:48,書き出しの際フレームレートと画質ををもっと細かく設定できるといいと思います,ja,중립,0.4783862233161926
googleplay,us,5,2024-05-16 00:48:22,"Hello, the best program I have used so far. Thank you. I hope you update it over time and also keep it special and free. Thank you.",en,긍정,0.9875631332397461
googleplay,kr,5,2024-05-12 19:06:50,너무 좋아요,ko,긍정,0.9502969980239868
googleplay,kr,4,2024-05-10 22:23:37,간단하고 좋아요,ko,긍정,0.965457022190094
googleplay,kr,4,2024-03-25 19:52:55,자동 자막 선택이 중국어는 번체만 선택할 수 있네요. 대만에서만든 어플인가요?,ko,부정,0.2754385769367218
appstore,jp,5,2024-03-14 07:21:07,"特に余分な部分のカットがやりやすい。
無料で字幕のカラーや書体も選べるので大満足。
カット作業と字幕作業の短縮に役立ちました。
お勧めのツールです。",ja,중립,0.5259152054786682
googleplay,kr,4,2024-03-09 21:31:26,좋은데 무음구간줄이지도 않았는데 초음부터 잘려있고 다시 원상복구도 안되서 아쉬워요,ko,긍정,0.8638164401054382
googleplay,kr,1,2024-03-03 14:12:49,이거는 모바일로는 만들기 힘든듯 피씨로 해야할듯 모바일은 영상도 없는데 영상을 불러오라하질 않나 귀찮음,ko,부정,0.12613561749458313
appstore,kr,5,2024-03-02 14:23:45,"늘 잘 쓰고 있어 감사 드립니다.
다만 근래 서버에서 오류가 발생하였다면서 음성 업로드 및 분석이 되지 않는데 일시적 현상일지요? 사용을 못하고 있어 곤란한 상황이라 조속히 해결 되었으면 하는 바람입니다.",ko,긍정,0.8880169987678528
googleplay,kr,1,2024-02-29 03:07:28,자막 타이밍이 안 맞음,ko,부정,0.07312487065792084
googleplay,kr,2,2024-02-26 13:29:58,갤럭시 유저인데 아이폰 처럼 자막 위치 세세하게 자를수있게 해주세요 돈 내서라도 할테니깐요 진심 아이폰으로 바꿔야나 싶어요 제발요 부탁해요ㅠㅠ,ko,부정,0.2751599848270416
googleplay,jp,4,2024-02-26 08:50:52,機能自体はいいですがIOSにあったフォントを変えられる機能と原稿を読み込む機能が欲しいです！ 開発頑張ってください🙏,ja,중립,0.49872636795043945
googleplay,jp,2,2024-02-26 06:50:37,私はパソコン版Vrewも使わせて頂いていますが、文字起こしの精度から、無音部分の自動カット、フォントに至るまで、まだまだパソコン版に及ばないと感じる部分があります。Androidアプリ版の場合、動画が長くなると映像と音声のタイミングが極端にズレるため相当使いづらいです。稀にですが、無音部分の自動カット機能にて、音声の乗る部分の一部が無音判定されてしまい、音声の単語をはみ出して切り取られてしまう事があります。同じようにパソコン版で自動カットさせると、そのような事態にはなりません。ただ、毎月どれだけ使っても利用制限が掛からないのがアプリ版のメリットなので、今後のアップデートに期待を込めて、星2つといたしました。,ja,중립,0.5205446481704712
appstore,kr,5,2024-02-22 06:01:35,텍스트로 원고 최종 수정까지 완료한 후 불러오기 하면 그대로 불러오는 게 아니고 ai가 임의적으로 원고를 수정해서 오타가 종종 발생해요! 그럼 또 수정을 해야 해서 일을 두 번 해야 합니다!! 수정하지 말고 원고 그대로 불러올 수 있게 해주세요!!,ko,부정,0.01807362399995327
googleplay,kr,5,2024-02-19 09:04:30,최고,unknown,긍정,0.970760703086853
appstore,kr,5,2024-02-18 03:05:25,너무유용하게 잘 쓰고있습니다.,ko,긍정,0.9175294041633606
googleplay,jp,1,2024-02-17 10:35:27,意味が全く違う言葉に変換されたり、全体の音が割れます。残念です。,ja,중립,0.5327997207641602
googleplay,kr,5,2024-02-14 07:30:16,초보인데 열심히 배우겠습니다,ko,긍정,0.9721217751502991
googleplay,kr,5,2024-02-13 15:41:37,모바일로도 텍스트로 비디오만들기 지원해주세요,ko,긍정,0.7960168123245239
appstore,jp,5,2024-02-11 10:56:40,とっても良き,ja,긍정,0.8640746474266052
appstore,jp,4,2024-02-08 15:18:53,"ダークモードの追加と、
🤣👏←これ無くしてくれませんか？",ja,긍정,0.7488749623298645
appstore,jp,3,2024-02-07 12:10:52,テキストから動画を作れると聞いてダウンロードしたけれど、、、出来ないようですね。自動で字幕作れるのは知っていましたし、便利ですよ。テキストから動画の機能を、どうかiPadアプリ版にもお願いします。,ja,중립,0.6405773162841797
googleplay,kr,5,2024-02-06 20:13:58,자막 최강자예요 신기하게 노트9에서는 한번도 그런적이 없는데 갤럭시s24로 바꾼뒤 저장할때 자막이 밀리네요 그래서 혹시나하는 마음에 영상을 노트로 옮겨 편집하고 저장해보니 싱크가 또 딱딱 맞아욬ㅋㅋ 기종에 따라 차이가 있는 경우도 있는거 같아요 참고로 10분이상 영상이었어요,ko,긍정,0.7144469022750854
googleplay,kr,5,2024-02-06 09:07:30,Good,unknown,긍정,0.9696378111839294
googleplay,jp,4,2024-02-06 03:32:02,アンドロイド版を使用させていただいております。 いつのアップデートだったかは忘れてしまったのですが、カット編集をしてから写真フォルダにアップロードすると、動画が後半になるにつれ音ズレが出てしまうようになりました。 カット編集や字幕編集自体はとても使いやすいものですが、音がずれてしまうと動画サイトに載せることは難しくなってしまいます。 とても良いアプリな故、そこだけがとても残念です。 アプリ開発・運営 ともに大変だと思いますが、ご対応いただけると助かります。 ご検討どうぞ、よろしくお願いいたします。 m(_ _)m,ja,중립,0.6910462975502014
appstore,jp,5,2024-02-06 01:22:46,初めて使用させて頂きましたが、初心者の私でも完成させる事ができました。有難うございます,ja,긍정,0.8802878260612488
googleplay,jp,5,2024-02-01 23:21:42,凄い便利で助かります,ja,중립,0.6668354272842407
googleplay,kr,5,2024-02-01 03:31:18,굳,unknown,긍정,0.9685158133506775
googleplay,kr,4,2024-01-31 23:13:35,완벽하지는 않지만 자막을 자동으로 달아주니 간단한 자막 편집하기는 편합니다. 그래도 역시 다듬는 과정은 필요합니다. 근데 내보내기가 왜 안될까요...,ko,중립,0.6441476941108704
appstore,kr,5,2024-01-30 00:35:24,???!?,unknown,중립,0.30109792947769165
googleplay,kr,5,2024-01-27 22:46:07,미쳤다! 찢었다!,ko,긍정,0.7164484858512878
appstore,kr,4,2024-01-27 22:45:30,모바일 앱에서도 텍스트로 영상 만들기 부탁해요.,ko,긍정,0.7016139030456543
googleplay,kr,3,2024-01-25 21:26:27,클립마다 색상변경만 가능하면 완벽해요.....,ko,긍정,0.8162670135498047
googleplay,us,5,2024-01-25 04:03:50,OK number two will be over,en,긍정,0.8316884636878967
appstore,jp,3,2024-01-23 07:56:18,iPhone版なんだね、PC版と違って。,ja,긍정,0.7011018395423889
googleplay,kr,4,2024-01-19 04:10:24,조으대 ㅋㅎㅋ,ko,긍정,0.7263137698173523
appstore,kr,5,2024-01-09 23:41:16,"너무 잘 이유하고 구독도 하고 있습니다.

한가지 요청사항은 PC 뿐만 아니라 아이패드에서도 Text로 영상제작이 가능하게 요청드립니다.",ko,긍정,0.9304907917976379
appstore,us,4,2024-01-04 19:05:11,"다만 소리로 편집해야 할때는 번거럽지만 무음구간 편집 같은 기능은 정말 좋아요

에이아이 기능도 도전해보고 싶네요",ko,긍정,0.9376077651977539
googleplay,us,3,2024-01-01 07:27:23,"Jan 1, 2024 It upload audio for Analyzing a transcript from the audio. Which is slow and app crashed when I tried to export the final video.",en,긍정,0.7753006219863892
googleplay,kr,5,2023-12-25 23:20:04,"아이패드에서 잘 사용하다가, 갤럭시탭으로 왔는데 가로 버전 지원이 안되네요?!ㅠ 지원 계획이 없으신건지요?",ko,부정,0.1208805963397026
googleplay,kr,5,2023-12-11 05:15:07,파일 복사본을 만들 수 있는 복사 기능이 있었으면 좋겠습니다 자투리 시간 쪼개서 일주일동안 잠도 줄여가며 편집한 파일이 갑자기 열리지 않고 강제종료 되버렸습니다 카톡방에도 건의 드리고 여기저기 찾아보니 저만 그런 버그가 있었던 게 아니였던 걸 봐선 예전부터 쉽게 고칠 수 있는 버그가 아닌가봅니다. 그래서 복사본을 민들 수 있는 기능이라도 있다면 파일이 날라가더라도 작업중인 복사본 파일로 다시 작업 할 수 있기 때문에 건의 드립니다 감사합니다.,ko,부정,0.0760151669383049
googleplay,us,5,2023-12-10 05:33:01,This is a great app. Does the job pretty well. You can even edit captions 👍,en,긍정,0.9593473672866821
googleplay,kr,3,2023-12-04 09:08:22,좋음. 외국어공부 도움됨. Pc랑 로그인 연동됐음 좋겠음.,ko,긍정,0.989690899848938
googleplay,kr,2,2023-12-01 22:03:21,모바일은 AI지원이 안되서 별루네요,ko,부정,0.022908179089426994
googleplay,kr,5,2023-12-01 15:53:27,정말좋다,unknown,긍정,0.9542279243469238
googleplay,jp,2,2023-11-30 17:33:50,PC版のように文字から動画を生成できるようにしてほしいです。,ja,긍정,0.7739368677139282
googleplay,kr,3,2023-11-29 22:26:53,이걸로하니까 댓글이 사라지네요?...,ko,부정,0.21723271906375885
googleplay,kr,1,2023-11-28 13:19:48,자막 달려고 했는데 자막 넣을 때마다 소리 싱크 안 맞아서 계속 처음부터 들어야 됨 불편 그 자체,ko,부정,0.005619364324957132
googleplay,us,4,2023-11-18 22:18:45,I need more options for the word writing as the words move but so far it's great,en,긍정,0.9914734363555908
googleplay,kr,5,2023-11-16 11:48:29,감사합니다 너무 잘 쓰고 있어요. 이제 이거 없으면 자막 만들 생각에 눈앞이 캄캄할 정도예요^^,ko,긍정,0.9881414175033569
appstore,us,5,2023-11-12 22:26:10,기능이 여러가지로 쉽고 편리함,ko,긍정,0.9845402836799622
appstore,kr,5,2023-10-30 23:13:30,"근데 최근에 이상하게 중국어만 번역기능 사용하려하면
형식에 맞지 않다는 오류가 계속 뜹니다 ㅜㅜ 확인 주시면 감사하겠습니다",ko,부정,0.09824863076210022
appstore,jp,3,2023-10-23 01:45:45,まだ、使い方がわからない,ja,중립,0.6805996894836426
appstore,jp,5,2023-10-11 17:16:22,このアプリに出逢ってから動画編集がどんなに楽になったか...ありがとうございます！,ja,중립,0.5956657528877258
googleplay,kr,5,2023-10-09 22:49:25,먼저 PC에서 사용해보고 모바일 바전이 있어서 한번 깔아서 사용중입니다. PC에서처럼 로그인이 되어 PC와 모바일이 서로 호환이 되었으면 합니다. 편집기들 중에서 파워디렉터 다음갈 것 같네요! 좋습니다!,ko,긍정,0.9927158951759338
googleplay,us,1,2023-10-09 17:21:45,Hindi not support,it,중립,0.3461034595966339
appstore,kr,5,2023-10-08 07:08:49,It's the best app I use. I recommend it to everyone.,en,긍정,0.9701242446899414
googleplay,kr,3,2023-09-26 15:50:07,컷편집 기능이 자연스럽지 않고 확 끊겼다가 다른 장면으로 넘어가서 불편하고 짜증납니다;; 폰트도 다른 게 없어서 불편하네요.. 자막은 잘 달고 있는데 컷편집 자체가 이상하고 쉽게 할 수 있지만 어설프고 이상하네요;; 이 점 고쳐주시길 바랍니다;;;;;;,ko,부정,0.010610018856823444
googleplay,us,5,2023-09-26 03:41:44,Great apps...but please will you make a video how to use it because it's very hard to understand it,en,긍정,0.9408702254295349
googleplay,jp,1,2023-09-20 09:52:20,言われているど今使えない。なう(2023/09/20 09:52:10)Androidだから？,ja,중립,0.6797836422920227
appstore,kr,5,2023-09-12 14:37:36,"거기에 무료라라라라니.
대백",ko,긍정,0.702228307723999
googleplay,kr,1,2023-09-06 12:06:02,"뚜렸하면 잘 나오는데, 뚜렸하지 않으면 안나옴... 잘 안들려서 다운로드 받은건데 다시 삭제해야겠네",ko,부정,0.009636463597416878
googleplay,kr,5,2023-09-03 17:53:06,처음 가입하려고 합니다,ko,긍정,0.9814037084579468
appstore,jp,5,2023-08-30 07:38:02,直感的に使えて本当に重宝しています！,ja,긍정,0.8926519155502319
googleplay,us,5,2023-08-20 11:44:57,One of the best!!!,en,긍정,0.9909095168113708
googleplay,us,5,2023-08-13 21:36:31,Great app 😀 can you add arabic language please and thank you for your work.,en,긍정,0.8492307662963867
googleplay,kr,5,2023-08-10 07:32:21,음성을넣어 촬영하거나 텍스트를넣어도 ai음성 나올수있어 좋아요,ko,긍정,0.9783682823181152
googleplay,jp,5,2023-08-06 11:53:46,使いやすいし最高です,ja,긍정,0.9456430077552795
appstore,us,5,2023-08-06 07:59:42,"정말 사용하기 편하고 간단하고 퀄리티 좋고....거기에 무료....
일단 제가 필요로 하는 기능은 거의 다 있네요 

감사합니다.",ko,긍정,0.9905473589897156
googleplay,us,5,2023-08-04 21:47:06,best app litterly best,no,긍정,0.9661228656768799
appstore,us,2,2023-08-04 20:09:54,Unfortunately the app doesn't support Arabic.any soon updates?,en,긍정,0.8431348204612732
googleplay,us,1,2023-08-03 13:46:37,Very poor app don't waste time,en,중립,0.5567383766174316
googleplay,kr,2,2023-08-01 09:27:15,자막번역 안되나요?,ko,중립,0.6864207983016968
googleplay,us,5,2023-07-30 13:35:53,Awesome.... Just plz add some design to caption's,en,긍정,0.7959468364715576
appstore,jp,4,2023-07-27 23:15:00,"フォントの追加が出来ません。
やり方はあるのでしょうか…？

出来たら⭐️5
とっても便利で無料なのでありがたいアプリです！",ja,부정,0.12536115944385529
googleplay,jp,1,2023-07-19 12:03:19,最低限の使い方の説明ぐらいチュートリアルとしてアプリ内に書いておいて欲しいね。 改行や字幕タイミングのずらし方など他のサイトで調べる必要がある時点で評価に値しない。,ja,중립,0.3482225239276886
googleplay,kr,5,2023-07-15 09:17:29,음성 인식이 특출나네요. 제 의도대로 모든 자막이 처리되어 수정할 일이 없네요. 최고입니다.,ko,긍정,0.9919242262840271
googleplay,kr,4,2023-07-12 10:17:48,"우즈벡어도 할수 있을까요,",ko,중립,0.5805648565292358
googleplay,kr,5,2023-07-09 16:10:29,좋아요,unknown,긍정,0.787601888179779
googleplay,us,1,2023-07-06 19:38:38,the app doesn't work i wrote my subs and when i press export it shuts down everytime and it's sad cuz the app have a really the best way of timing the videos out of all apps i used,en,긍정,0.8218388557434082
googleplay,kr,5,2023-06-26 18:33:56,최고입니다. 편집의 수고로움없이 스마트폰에서 바로 해결할 수 있겠네요. 감사합니다.,ko,긍정,0.992449164390564
googleplay,jp,1,2023-06-22 05:44:14,ダウンロードして、初めの画面から、一切何もできない。 新しいプロジェクトを押せる画面の動画をひたすら見せられるだけ,ja,중립,0.4542909562587738
googleplay,kr,5,2023-06-04 16:40:11,오 굉장히 쉬운데요?,ko,긍정,0.901032030582428
googleplay,jp,4,2023-05-27 09:13:15,大変ありがたい,ja,중립,0.6948534846305847
googleplay,kr,1,2023-05-24 16:04:23,정상적이 영상인데 편집하려 하면 소리가 늘어져요 어떻게 해야 하나요?,ko,부정,0.28587064146995544
googleplay,jp,5,2023-05-24 12:31:05,助かる,unknown,중립,0.6716532707214355
googleplay,jp,1,2023-05-23 00:26:29,いきなり、何もできない！ 新しいプロジェクトをタッチしても何もできない！,ja,중립,0.6428544521331787
appstore,jp,5,2023-05-22 13:35:57,無料の音楽が沢山あって動画が楽しく作れるので､楽しいです。,ja,부정,0.0861831083893776
googleplay,kr,4,2023-05-21 23:12:21,모바일 버전이라 사용을 해봤지만 데스크탑 버전 처럼 음성인식 자동자막 생성 후 번역기능이 없어서 너무 아쉽습니다. ios 앱 처럼 자막 파일 내보내기 자막 번역 기능 은 언제 안드로이드 버전에나올까요?,ko,부정,0.17521008849143982
googleplay,kr,5,2023-05-19 23:10:11,초보도 쉽게 쓸수 있어 너무너무 유용한앱 입니다,ko,긍정,0.9872981309890747
appstore,kr,5,2023-05-17 02:06:34,중간 무음구간 줄이기 등 디테일한 편집을 편하게 할 수 있어서 너무 좋네요,ko,긍정,0.9871728420257568
googleplay,kr,2,2023-05-15 17:46:28,번역이되는건지 잘 모르겠음 한국어로 정확하게 번역해줬으면 합니다,ko,부정,0.2595205307006836
googleplay,kr,3,2023-05-14 20:02:19,휴대폰도 노트북 같이 사용하게 바꾸어주세요,ko,긍정,0.8348724246025085
googleplay,kr,2,2023-05-12 05:12:23,원래 메뉴판에 글꼴이나 번역 항목이 없나요?,ko,중립,0.5342504978179932
appstore,jp,5,2023-05-09 08:18:05,"Very easy to use! This app is a great idea! 
but I'd love to see French added!",en,긍정,0.9899370670318604
googleplay,kr,3,2023-05-05 17:07:34,"제가 정말 좋아하는 프로그램인데 유료화로 썼을때는 솔직히 ai 오류가 너무 많습니다. 음성이 두개로 생성되거나 , . ? 이런것들이 인식이 안 되거나 글 속도에 따른 글자량 자동 변경이 잘 안 되거나 합니다. 안정적으로 쓸 수 있도록 부탁드립니다. 개인적으로는 모바일도 되게끔 해 주시면 정말 좋을듯 합니다.",ko,중립,0.5824464559555054
appstore,kr,5,2023-04-24 14:44:06,사용 하는 동안에 도움이 많이 되었습니다,ko,긍정,0.9740557670593262
appstore,kr,5,2023-04-22 00:47:22,"제가 어플로 아이폰,안드. 둘다. 만드시라고. 제안했던사람 입니다. 잘되서 너무. 뿌듯하네요^^",ko,긍정,0.9910054206848145
appstore,kr,5,2023-04-17 17:44:14,핸드폰 앱으로는 ai 음성 삽입 불가능 한가요?,ko,부정,0.13372169435024261
appstore,jp,1,2023-04-14 09:21:41,"ログイン出来ませんし出来たとしても音声読み込み出来ません。
復旧願います。",ja,중립,0.5304731130599976
appstore,jp,4,2023-04-13 06:20:49,無料にしては良いが有料ならしゃべりと字幕の始まりのズレ0.2秒前後、しゃべりと字幕のズレがあるので製品にしては悪いと評価せざるを得ない。そして数年このアプリにはお世話になっているがデータを回収しているくせに音声からの文字起こしにスペックが反映されていないのは進化が感じられない。,ja,긍정,0.7769983410835266
googleplay,jp,3,2023-04-09 11:37:26,狎～,unknown,긍정,0.8193371295928955
googleplay,us,5,2023-04-03 01:41:12,Awesome app to add auto captions to your videos. 10/10 👍,en,긍정,0.9844122529029846
googleplay,kr,4,2023-04-02 12:55:02,앱을 잘 사용하고 있습니다 아쉬운점은 초벌된 자막을 삭제하고 붙인 후 완성된 영상을 보면 영상과 자막의 싱크가 맞지 않은 경우가 많습니다....ㅠㅠ 이 부분만 개선되면 정말 좋을 것 같은데 어찌 안 될지요,ko,중립,0.699105441570282
appstore,kr,5,2023-03-30 15:39:42,안녕하세요  AI음성 누르는데가 안보여요 혹시 아이폰이라 그럴까요?,ko,부정,0.2155802994966507
googleplay,us,5,2023-03-26 22:21:55,Really very simple and logical text editer.i am very happy finally found this app . thanks to the creator of this app,en,긍정,0.976118803024292
appstore,jp,1,2023-03-21 05:32:41,文字が全て「？」になって一文字も読みとらねえじゃねえか。とんだゴミアプリだな。バグを直さない限り星一つですね。,ja,긍정,0.7889484763145447
googleplay,jp,3,2023-03-19 09:34:15,聞き取りの性能をガチであげてほしい siriとかグーグル翻訳レベルであげてください！！ I want you to seriously improve your listening performance Please give it in siri or google translation level! !,en,긍정,0.8823947310447693
googleplay,us,1,2023-03-17 02:10:47,"1.Why Crashing When Export Video. 2.Please Add Hindi, Urdu, Turkish & Other Language for Transcript.",en,긍정,0.9014057517051697
googleplay,kr,3,2023-03-14 21:10:32,비디오 음성을 텍스트로 넣어주는 확실한앱 따른 앱은 자막을 낳어주는게 아니고 음성을 추출해줌,ko,긍정,0.8140188455581665
googleplay,us,4,2023-03-12 10:02:12,Please add the option to import a subtitle file as a base. and also being able to export it as a srt file alone feels kinda neccessary. good work on the app!,en,긍정,0.9552525877952576
googleplay,jp,5,2023-03-08 21:23:32,いつも便利に利用させていただいています。 アップルのマックブック、フォントはふい文字、文字色は白、サイズ65、影または輪郭は黒の設定で入力しています。 他の設定では試していないのですが、いつも「き」の色だけがグレーの様な違う色になります。 まぁ読めるのでいいかと思ってましたが 先日は「段」という文字も同様のエラーになりました。改善していただけましたら幸いです。 追記:どうも太字にすると出現するエラーの様です。,ja,긍정,0.7144857048988342
googleplay,kr,1,2023-02-28 08:07:58,인공지능 자막은 어디에 있습니까?,ko,중립,0.5332867503166199
googleplay,kr,5,2023-02-27 14:05:40,보이저엑스 남사장님! 감사합니다!,ko,긍정,0.9812255501747131
googleplay,kr,5,2023-02-26 22:04:25,하악 안드로이드 나왔네 브루와 보이저엑스는 사랑입니다,ko,중립,0.5216323733329773
googleplay,kr,1,2023-02-26 02:10:16,글씨가 깨지고 정확하지 않아요,ko,부정,0.0023991900961846113
appstore,kr,2,2023-02-22 00:01:30,고생 많으십니다. PC판은 글을 입력하면 인공지능이 읽는 기능이 있던데 아이패드에서는 이 기능을 못 찾고 있습니다.,ko,긍정,0.813167154788971
googleplay,us,5,2023-02-19 13:32:00,It's really great app without any junks and ads. Easy to edit your own subtitles. Awesome 👍,en,긍정,0.9802255034446716
appstore,kr,3,2023-02-15 07:24:29,"메일을 계속보내는데 메일이 안옵니다 
다른 이메일은 오는데 ㅜㅜ",ko,부정,0.004198324400931597
googleplay,us,5,2023-02-12 14:15:18,Best app for captions,en,긍정,0.9532119035720825
appstore,kr,4,2023-02-10 14:23:05,다크모드는 지원안되나요 ㅠㅠ,ko,중립,0.5523049235343933
googleplay,kr,5,2023-01-28 20:58:53,남세동 화이팅,ko,긍정,0.7597625255584717
appstore,kr,5,2023-01-27 04:32:42,자막 텍스트파일 불러와서 확인 누르면 적용이 안되네요. 제가 잘못하고 있는건가요??,ko,부정,0.06957173347473145
googleplay,us,5,2023-01-26 19:06:41,Just awesome ..just took me 5 mins to put captions to my reel,en,긍정,0.8455156087875366
googleplay,kr,5,2023-01-26 01:07:37,개인적으로 정말 잘 사용하고있습니다 이 어플을 통해 귀찮음이 5000퍼센트 줄었고 구독자도 5000명 늘었습니다 진심으로 후원하고싶어요 계좌 알려주세요 당장이요.,ko,긍정,0.9854679703712463
appstore,jp,5,2023-01-23 08:37:29,あっというまに、できちゃう！,ja,중립,0.6488512754440308
googleplay,kr,5,2023-01-21 15:21:13,잘 사용하고있어요 감사합니다,ko,긍정,0.9100557565689087
appstore,jp,5,2023-01-20 11:44:58,使いやすい,ja,긍정,0.7414151430130005
appstore,kr,5,2023-01-14 07:46:00,"이런 어플 만들어 주셔서 감사합니다.
덕분에 언제 어디서나 편집하고 있습니다.",ko,긍정,0.9810835719108582
appstore,kr,5,2023-01-13 21:48:09,유료가 되어도 꼭 구매하고 쓸게요 ^^. 항상 감사합니다.,ko,긍정,0.9932006001472473
googleplay,kr,5,2023-01-13 08:07:12,싱크 3분이상부터 안맞아요,ko,부정,0.0033383213449269533
googleplay,us,5,2023-01-12 19:37:50,Very nice app easy to make video editing,en,긍정,0.9246006608009338
googleplay,us,5,2023-01-10 01:07:39,"i suggest adding the ability to edit select parts of text to be in the style you want , as currently changing the style changes all of the text instead of just one select part. other than that works well!",en,긍정,0.8583195209503174
googleplay,us,4,2022-12-30 16:00:13,"It's great and smooth. Works really well. The only problem, though, is after translating a video, there is no option of exporting it as a srt file, to continue working on the video on a pc for to further edit it. Really important feature and very simple, yet the app still lacks it. Hope you guys are working on adding it.",en,긍정,0.9875133633613586
appstore,kr,5,2022-12-24 22:45:53,피씨에서도 휴대폰에서도 다 잘 되네요.,ko,긍정,0.9908477067947388
googleplay,kr,5,2022-12-24 20:55:13,너무 좋아요 good!!good!!good!!,so,긍정,0.9002402424812317
appstore,kr,4,2022-12-23 00:55:48,혹시 pc버젼말고 앱에서도 ai 성우 안나오나요 ??,ko,긍정,0.8636947870254517
googleplay,us,5,2022-12-22 07:18:42,It does what it says and in time.its a 5 star app please keep it up.,en,긍정,0.8706147074699402
appstore,jp,5,2022-12-13 23:25:27,"文字入れが楽で、動画がアップしやすくなりました。

文字の編集作業も、簡単で使い勝手がいいです👍",ja,중립,0.695010781288147
googleplay,kr,5,2022-12-12 20:42:34,단점과장점을 알려드릴께요 단점은 동영상이 자막때문에 2~3초 길어짐 장점은 자막때문에 말을할 필요가 없다. 이점만 고쳐주면 별5점,ko,중립,0.5620302557945251
appstore,kr,5,2022-12-09 15:42:42,최고의 선물,ko,긍정,0.9768600463867188
googleplay,jp,1,2022-12-05 04:02:32,ゴミ全然翻訳になってない,ja,긍정,0.8692449331283569
googleplay,jp,4,2022-12-02 19:21:25,ロシア語も追加してほしい,ja,긍정,0.7050909399986267
googleplay,kr,5,2022-11-29 07:31:06,자막 자동 인식. 변환. 편집도 쉽고. 이건 무조건 써보세요. 써보면 바로 이해되요. 그리고 광고는 언제 나오죠? 동영상 하나 자막 만들고 저장하는동안 못봤어요. 너무 깔끔해서 좋아요. 저장하는동안 광고 한두개 나오는건 이해할수있었는데 말이죠. 너무좋아요!! 제발 유료전환 되더라도 제가 결제할 수 있는 수준으로 부탁드려요~ 감사합니다.,ko,긍정,0.9883806705474854
googleplay,kr,5,2022-11-24 10:15:48,와.. Vrew 이 프로그램이 어플로 나오다니.. 바로 절하며 별 5개주고 시작..,ko,중립,0.47678661346435547
googleplay,kr,5,2022-11-23 02:17:49,아주 맘에 듭니다. 최고최고,ko,긍정,0.9842761754989624
googleplay,kr,4,2022-11-16 10:20:08,스타일 기능은 언제쯤 적용되나요? 안드로이드에도 생겨서 좋긴한데 영상도 디자인이 중요한데 자막 스타일 변경이 안되니 아쉽네요~,ko,긍정,0.818479061126709
appstore,kr,5,2022-11-15 03:13:19,"작업시간을 최소 3-5시간 줄여줬다
상받아야한다.
동영상편집쪽도 만들어서
1등해주세요 
와나
나만알고싶어",ko,긍정,0.9023392796516418
googleplay,kr,3,2022-11-10 21:59:24,pc버전은 자동 번역도되는데 앱은아직인가요? 하지만사용하기는 편해요,ko,긍정,0.7655781507492065
googleplay,jp,1,2022-11-07 03:27:51,アンドロイドでは文字が変更出来ない,ja,중립,0.5073137879371643
appstore,kr,5,2022-11-06 10:09:47,"제가 지금 1달 정도 이걸로 동영상 편집하고 있거든요 짱이예요.
오른쪽 아래에 vrew라고 써저있는것만 빼면 짱좋아요",ko,긍정,0.9790213108062744
googleplay,kr,5,2022-10-22 20:43:17,너무 좋아요 편집 초보인데 요즘 즐겨사용하고 있어요.,ko,긍정,0.978463351726532
appstore,jp,2,2022-10-19 04:02:58,"音声聞き取りが間違うならまだ許せる。
間違ってるとこ手打ちで直したのに、文字化けして正しく表示されない。
これじゃ使えないです。
良さそうだと期待したのに、ガッカリ",ja,긍정,0.7349398732185364
googleplay,us,1,2022-10-17 00:15:06,Great product. Can you add more features to it just like on iphone and pc?,en,긍정,0.9524025321006775
googleplay,kr,5,2022-10-07 10:10:25,아주 잘 사용하고 있습니다.,ko,긍정,0.9076658487319946
googleplay,kr,5,2022-09-29 10:55:05,동영상 편집기의 처음보는 놀라운 기능...아주 좋습니다.,ko,긍정,0.9857394099235535
googleplay,kr,5,2022-09-29 03:55:13,최고에요. 드뎌 안드로이드용으로도 나왓네요 너무 감사합니다,ko,긍정,0.9939283132553101
googleplay,kr,1,2022-09-26 19:22:17,재미없어👋,ko,부정,0.02845335379242897
googleplay,kr,1,2022-09-26 15:03:30,자막생성 영상속 음성추출 자막생성이 아주 엉망진창 입니다. 단 한줄도 읽을 수가 없네요,ko,부정,0.0045930370688438416
googleplay,kr,5,2022-09-19 13:31:04,신속,unknown,긍정,0.9304219484329224
googleplay,kr,5,2022-09-18 09:56:08,이게어찌무료야 최고,ko,긍정,0.9265391826629639
appstore,jp,5,2022-09-17 06:39:31,アクションカメラからチョット遠ざかり、現在はiphone (カメラ機能が多様化された為)に集中しております。静止画像にもテキストを挿入しながらの編集ですq,ja,긍정,0.7198842763900757
appstore,jp,3,2022-09-13 09:49:42,ios16へアップデートした瞬間、全てのエクスポートが不可になりました。。 早急のご対応をお願いします。 機種　iPhone12 Pro MAX,ja,중립,0.6759974956512451
appstore,kr,5,2022-09-11 14:02:39,"앱 너무너무 좋아요,, 헝가리어 같은 다른 언어들도 꼭 추가해주셨으면 좋겠습니당 🥹🥹",ko,긍정,0.9866271615028381
googleplay,us,5,2022-08-31 09:24:06,Next level video editing experience I have gained. Just amazing . Keep it up. You guys are building future applications. ⭐⭐⭐⭐⭐,en,긍정,0.8308755159378052
appstore,jp,5,2022-08-20 01:24:06,"何もかもが便利で感動です。
保存は、このアプリの中ではなく自分の写真フォルダへの保存のみになるの？だけ分からなかったのですが、そんなことは気にならないくらい機能の充実、広告まで無料で消せるし音楽もついているし、字幕の正確さは他のアプリより抜きん出てすばらしいです！",ja,긍정,0.8294590711593628
appstore,kr,5,2022-08-17 14:39:33,사랑합니다~,ko,긍정,0.9460009932518005
googleplay,kr,2,2022-08-16 16:41:55,자막 넣기 너무 편한데....대부분의 영상의 소리가 안나오거나 음성이 늘어지게 나옵니다.,ko,부정,0.007450095843523741
appstore,jp,5,2022-08-16 09:20:53,"字幕を手動で入れることに、時間と労力を費やして悩んでいたので、本当に助かっています！！
色や文字の系統までカスタマイズ出来て、特に表示されるタイミングを合わせる手間が省けたので、今後も字幕入れに必須のアプリです！",ja,긍정,0.7468518018722534
appstore,jp,4,2022-08-13 10:19:34,"音楽付き動画を翻訳する場合は、テキストとして現れない、また言語の読み取りがすこし弱く、訛った英語などは聞き取れないようです。
YouTube並の力を発揮してくれれば、パーフェクトです👍",ja,중립,0.6338173151016235
googleplay,kr,5,2022-08-10 03:18:51,자막을 생각보다 쉽게 달 수 있어요 하지만 자막의색을 변경 하지 못해서 좀 아쉽네요,ko,긍정,0.9422178864479065
googleplay,kr,5,2022-08-10 03:04:42,"우와 너무 감격스러운 마음에 구글플레이에 처음으로 후기 써봅니다! 브루 모바일 버전 올려주셔서 너무 감사합니다 ㅠㅠㅠ 한가지 궁금한 점이 있습니다! 저는 갤럭시탭으로 이용하고 있는데요, 화면이 세로로밖에 안나와요 혹시 가로로 전환되는 건 언제쯤 가능할까요? 꼭 부탁드릴게요!",ko,긍정,0.9796566367149353
appstore,jp,4,2022-08-09 08:26:53,"動画編集に使用しておりますとっても素晴らしいアプリだと思いますただ1点気になる点が
…iPadで編集しているんですが、一度iPad修理に出そうと思っております、プロジェクトを他のものに書き出すことができないんでしょうか？",ja,중립,0.675415575504303
appstore,jp,4,2022-08-07 14:10:00,"全般的に本当に素晴らしいアプリで重宝しています。
しかし、プレヴューと書き出した動画の字幕位置が一致しないケースが多々あります。
画面いっぱいに字幕があるようなケースでは、プレヴューではきちんと収まっているのに、書き出した動画では画面外にはみ出したり、意図しない改行が発生します。書き出してみるまでわからないので、長尺の動画の結果にはガッカリさせられます。",ja,중립,0.5861823558807373
googleplay,kr,5,2022-07-19 10:33:12,"편리하고 좋아요. 다만, 폰트나 자막글자디자인이 많았으면 합니다.",ko,긍정,0.944787323474884
googleplay,us,3,2022-07-13 23:03:39,Not bad but wasn't what I was expecting.,en,긍정,0.8932904005050659
googleplay,jp,3,2022-07-11 07:34:55,フォントの変更が出来るようになって使いやすくなった。 MP4だけでなく、違う形式でもダウンロード出来るようになると嬉しい。カットごとでないと色を変更できないので、一部だけ目立たせたいときに不便なので、パソコン版、アプリ版両方とも改善して欲しい。,ja,중립,0.6199888586997986
googleplay,kr,5,2022-07-08 06:50:45,혁명...,ko,긍정,0.9084773063659668
googleplay,kr,1,2022-07-07 12:23:06,😭😭😭😭😭,unknown,중립,0.6753522157669067
appstore,jp,5,2022-07-05 12:25:15,いやーこれはとても使いやすくていいアプリですます。とりまあーなるほどね,ja,중립,0.6579391360282898
googleplay,us,2,2022-06-27 00:12:39,"I really like this app but only one problem its only support 5 language English, Chinese, Spanish, Japanese and Korean there's not other options",en,긍정,0.9474543333053589
googleplay,kr,5,2022-06-17 07:46:49,내가 본 어플 중 최고,ko,긍정,0.9778029918670654
googleplay,kr,5,2022-06-16 00:50:24,자막넣기가 쉽네요,ko,중립,0.6832549571990967
googleplay,kr,2,2022-06-14 10:13:51,와 안녕하세요 전 김준우 인데요 아니 앱이 너무 오래 걸려요 이거 깔지 마세요 그리고 너무 늦게 떠요 10점 만점에 백 점도 안 돼요,ko,부정,0.054173871874809265
googleplay,kr,5,2022-06-08 23:38:29,쉽고 빠르고 간단하고 결과물도 깔끔한 완벽에 가까운 자막앱 약간의 흠이라면 음성 분석을 맡긴 영상은 음성 인식된 단위로만 자막을 자를 수 있어서 음이 뭉게진 부분은 제대로 편집할 수가 없어요.....,ko,긍정,0.9862020611763
googleplay,jp,1,2022-06-07 19:11:48,性能悪すぎ。ゴミ,ja,긍정,0.734373152256012
googleplay,kr,5,2022-06-05 08:32:18,너무너무 좋은데요? 그런데 단점 두가지가 있습니다. 1.음성 녹음이 됀다. 2.녹화 누르고 시간이 가는 동그란게 영상에 나옵니다. 삭제하면 녹화를 어떻게 끝낼지 모르겠더라구요. 이런것들만 고쳐주시면 10도 더 드리겠습니다. 이 앱 아주 강추 합니다.,ko,긍정,0.9587284326553345
googleplay,kr,5,2022-06-03 00:04:10,노트북으로 깔아서 이용중인데 최근 업뎃 되어서 그런것인지... 이젠 영상 변환 안하면 자막이 안뜨는게 조금 속상합니다 ㅠㅠ;; 이거 어찌 되돌릴수는 없는것일까요........... 너무 잘 쓰고 있었다보니 너무 실망감도 큰 상황입니다 ㅠㅠ...,ko,긍정,0.7344694137573242
appstore,kr,3,2022-06-01 14:56:18,"안녕하세요...그동안 Vrew 와 함께 많은 영상을 만들었는데요...
최근들어서 영상을 자막과 함께 추출할때....60 프레임 으로 추출 하는데
계속해서 결과물은 30 프레임으로 저장이 됩니다...
예전에는 60 프레임 하면 그대로 저장 되었는데...왜 그런가요?
어떻게 문제를 해결할수 있나요??",ko,중립,0.3034081757068634
googleplay,kr,5,2022-05-31 20:10:50,내가 경험한 최고의 동영상 편집 프로그램. 음성을 어절로 잘라서 영상편집이 가능한 시스템은 진짜 획기적이고 음성을 자동으로 인식해서 자막을 만들어주는 시스템도 최고임. 쓰다보면 빠질 것임. 언제 유료화될 지 모르겠지만 그때까지 마구마구 쓰고 싶음.,ko,긍정,0.9915024042129517
googleplay,kr,5,2022-05-29 08:54:36,너무너무너무 편해요 근데 폰트나 자막 위치 조정할 수 있으면 좋겠어요...,ko,긍정,0.9724898338317871
appstore,jp,5,2022-05-17 00:26:49,これまでも自分で素人なりに編集してきたけど、これはすごく編集しやすくて嬉しい,ja,중립,0.5231118202209473
googleplay,jp,1,2022-05-06 18:26:07,音声アップロードができないのでゴミ,ja,중립,0.6837383508682251
appstore,jp,5,2022-05-04 01:13:23,"初めて使わせて頂きましたけど、
素人でも使いやすかったです。",ja,긍정,0.7331703901290894
googleplay,jp,2,2022-05-02 17:06:37,App Store版に比べると簡素だし使いづらいと思います。 同じ位のものにするのは難しいのでしょうか？,ja,긍정,0.8117287755012512
appstore,jp,5,2022-04-30 16:23:43,"たまにバグを起こします！
私の場合はずーっと前からおかしいと思っていたんですが、携帯が恐らく壊れてるんだと思います。
毎回和訳がおかしいので。
評価は満点です💯",ja,중립,0.684884250164032
googleplay,jp,1,2022-04-29 17:41:12,落ちてしまい、残念でした。,ja,중립,0.6776831150054932
googleplay,kr,5,2022-04-27 16:25:44,피씨앱이 좋아 써봅니다.,ko,긍정,0.923804759979248
googleplay,jp,3,2022-04-20 23:40:20,Androidはフォントの編集など出来ないのでしょうか?,ja,긍정,0.7226025462150574
googleplay,kr,5,2022-04-19 16:15:35,자막원고파일 합성기능이 추가되었으면 좋겠습니다,ko,긍정,0.8145461082458496
appstore,jp,5,2022-04-16 02:44:58,こんな高レベルの字幕AIアプリが、無料で使えるなんて最高すぎです！逆になんか裏があるんじゃないかと心配になるレベル…ないですよね？？,ja,긍정,0.9024602174758911
googleplay,kr,5,2022-04-11 02:41:13,인식률 좋고(음성변조한 파일도 인식너무 잘되네요) 사용법 직관적이고 자막계에선 최고죠 안드로이드 서비스 너무 감사합니다 자막폰트 추가 부탁드려요 ^^,ko,긍정,0.9922784566879272
appstore,kr,4,2022-04-10 08:12:50,열심히 개발중이시겠죠 기다리겠습니다,ko,중립,0.46307113766670227
googleplay,jp,3,2022-04-05 13:14:03,iOS版も同時進行で使ってますが、Android版はフォント変えられないんでしょうか？？,ja,긍정,0.7567064166069031
googleplay,kr,5,2022-04-04 00:02:58,동영상 자막을 쓰려고 이용하고 있는데요..어제는 동영상 음성이 매우 느리게 나옵니다.그러다보니 늘어진 테이프소리 처럼 들립니다. 정상 음성 속도로 하려면 어찌 해야 하나요?,ko,부정,0.031644679605960846
googleplay,kr,5,2022-04-03 14:06:33,이것 좋은데 내가 찾던것,ko,긍정,0.9885594248771667
googleplay,kr,1,2022-03-31 01:59:21,저장이 안되고 튕겨나가요ㅜㅜ,ko,부정,0.007085778284817934
appstore,kr,5,2022-03-22 03:11:18,"저는 현재 브루를 굉장히 잘쓰고 있는데요 이 앱을 진짜 많이 추천합니다 
첫번째 자동자막이 너무 잘됌
두번째 자르기가 쉬움
세번째 조작법이 쉬움
더 있지만 그만하겠습니다
아무튼 전 이 앱이 너무 좋아요",ko,긍정,0.9006011486053467
googleplay,jp,1,2022-03-20 18:55:37,Androidだと文字のフォント変えるとこがない,ja,중립,0.5304778218269348
appstore,jp,3,2022-03-20 08:51:13,韓国語の動画で字幕を韓国語→日本語に変換してほしくてこのアプリを入れましたが、日本語がおかしすぎて意味が全くわからないので困ってます。改善お願いします。,ja,긍정,0.8176499009132385
appstore,jp,4,2022-03-16 03:31:37,"文字起こしの精度も高く、有料レベルで使いやすいです。

PC版ではキーボードのカーソルキーで字幕編集エリアに移動出来るのですが、iPad版では何故か移動できなくて不便です。

iPadで編集時、SDカードから直接読めるようになれば、より使いやすくなると思いました。",ja,중립,0.6646475195884705
googleplay,kr,1,2022-03-13 17:50:47,불편,unknown,부정,0.033638812601566315
googleplay,kr,5,2022-03-12 01:23:27,유용하게 사용할 수 있을 거 같아요. 아직은 자막스타일 수정은 안되네요.,ko,긍정,0.9398974180221558
googleplay,kr,5,2022-03-09 16:32:36,좋아요 안드로이드 버젼이 드디어 나온건가요 베타인가요?IOS처럼 화질설정이나 다양한 기능 넣어주세요,ko,긍정,0.9679273366928101
appstore,kr,5,2022-03-09 00:27:05,"개발자님 진짜 최고
돈 많이 버세요 너무 감사해요♥️",ko,긍정,0.990694522857666
appstore,kr,5,2022-03-06 01:45:50,알아서 자막을 달아주니 자막 붙이기도 편하고 편집하기도 내용구분이 쉽습니다.,ko,긍정,0.9807832837104797
googleplay,kr,5,2022-03-05 11:52:32,진짜 개좋음 ㄷㄷ,ko,긍정,0.9813124537467957
googleplay,kr,5,2022-03-03 16:34:27,다른 영상 편집앱에 비해 조작이 너무 간편하고 쉬워서 아주 잘 이용하고 있습니다!!,ko,긍정,0.9905063509941101
googleplay,kr,5,2022-03-03 15:55:29,핸드폰에서 브루를 쓸 수 있어서 너무 좋아요 ㅠㅠ 모바일버전 나와서 좋아요🤣🤣,ko,긍정,0.9928273558616638
appstore,jp,5,2022-02-10 08:30:13,YouTubeの動画を作る時に最高に使いやすいです。字幕も自動で生成してくれて、余計な部分もカットしてくれます。,ja,긍정,0.8646443486213684
appstore,jp,5,2022-02-01 03:53:55,"友人に教えてもらいました！

めっちゃ使いやすくて感動です😄

これなら僕でもショート動画を気軽に作れます。

ありがとうございます。",ja,긍정,0.72361159324646
appstore,kr,4,2022-01-20 03:31:22,"진짜 엄청 잘 쓰고 있었는데 갑자기 워터마크 제거가 안됩니다ㅠㅠ
워터마크가 흐릿하게 보여요",ko,부정,0.07383497804403305
appstore,jp,5,2022-01-17 20:17:50,"iPhoneだとフランス語が使えません
フランス語は多くの人が使っている言語です
お願いします",ja,긍정,0.7498783469200134
appstore,jp,5,2022-01-10 08:12:33,素晴らしいです,ja,긍정,0.7884242534637451
appstore,jp,3,2021-12-23 17:15:09,"他の翻訳アプリは写真がほとんどで動画の翻訳ができないので、
このアプリはSNSの動画を翻訳ができるのがとても良いですね
だだ、ドイツ語の翻訳ができないのがとても残念です
ドイツ語の翻訳もできるようになってほしいです",ja,중립,0.6855344176292419
appstore,jp,5,2021-12-11 12:20:55,文字起こしにかかる時間も早く、操作も簡単でした。かなりの時短になること間違いなしです。,ja,중립,0.5550197958946228
appstore,kr,5,2021-10-29 05:22:59,"작년에 몇 번 쓰다가 익숙지 않아서 그만 두었었는데 오랜만에 다시 편집해보니 더 편하고 폰트도 예뻐지고, 음성인식도 더 좋아진 게 보입니다!

게다가 다른 프로그램보다 확실히 컷편집도 쉽다는 게 큰 장점이네요

다만 한 화면에서 자막이 하나만 생성되는 점(예를 들면 말하는 자막을 깔고 좌 상단에 그 도움 설명을 넣고자 해요..!)이 약간 불편하고,

그리고 로고나 도움 사진 등을 넣고 싶은데 pip가 안 되는 점도 개선된다면 정말 좋을 것 같아요.

마지막으로, 소스를 추가할 때 지금은 시간 역순으로 나오는데 기본 사진첩처럼 즐겨찾기 앨범으로 전에 만들어둔 영상을 넣을 수 있으면 좋겠습니다.

아, 그리고 이건 문의사항인데, 아이패드만 사용하는데 프로젝트 파일을 루마퓨전 등으로 내보내는 건 안 되는 건가요??
vrew의 장점은 어절로 화면 편집이 쉽게 가능한 건데, 위의 다중 자막, 로고 등의 문제를 해결하기 위해 다른 프로그램을 같이 쓰려니 결국 다른 프로그램에서 편집을 다 끝내고 자막을 마지막으로 달러와야 하더라고요.
그런데 그러면 vrew의 저 큰 장점을 유용하게 쓸 수가 없다는 점이 아쉬워서요..!",ko,긍정,0.9863467812538147
appstore,jp,5,2021-10-25 20:24:03,意外とスムーズに簡単に編集できました。,ja,중립,0.5596196055412292
appstore,jp,5,2021-10-24 11:12:03,最高だね！,ja,긍정,0.9818068742752075
appstore,jp,1,2021-10-07 03:53:53,"私の滑舌が悪いのか何度やっても言ってない言葉で変な言葉に変換されてしまいます。
全く使えませんでした。",ja,중립,0.4553622603416443
appstore,jp,5,2021-10-06 10:14:03,"Best part of this app is we can add captions to different languages and app itself will translate it !! 
For example, if you use Japanese language in the video and you want to add English caption.

In this case, this app will automatically generate the Japanese by voice recognition and you can translate the Japanese captions to English!! 

Obviously there are some inaccurate translations but you can adjust very easily!! 

So helpful!! 

Thanks and biggest shoutout for the development team!!",en,긍정,0.9608270525932312
appstore,kr,5,2021-10-05 10:09:09,"사진 수정할때, 사진을 여러게 묶어서 동영상 만들때 주로 사용하고있는데 너무 편하고 좋아요! 인공지능 인식은 Siri 뺨때리는 수준이고요. 좋은 콘텐츠 만들어주셔서 정말 감사해요!",ko,긍정,0.9924403429031372
appstore,kr,5,2021-10-03 09:23:34,안녕하세요 오늘 브루를 처음 써본 초보 유튜버입니다 취미로 영상 가끔씩 올리는데 자막을 못 넣어서 매일 아쉬웠었는데 이제는 그 아쉬움을 날려버릴수 있을것 같습니다 사용법도 간단해서 편하게 자막을 넣을수 있어서 너무 좋습니다. 이런앱을 만들어주셔서 감사합니다.,ko,긍정,0.9938995838165283
appstore,jp,1,2021-09-24 03:22:14,"一人で喋ってるとこでもほとんど認識されない
割とはっきり喋ってるとこも全然ダメ
動画指定するだけだし何も間違えてないはず
他の人の評価がいいので何かあるのかもしれないけど
とりあえず全く使い物にならないので
現状評価1",ja,중립,0.5890470147132874
appstore,jp,1,2021-09-18 12:19:56,インポートして、もう一度戻って、動画を編集しようとしたら、字幕だけ残ってました。 再編集できなくなりました。,ja,중립,0.6225727200508118
appstore,jp,3,2021-09-16 03:34:56,非常に使い易く素晴らしいアプリですが、英語にするとy g jなどの縦長の文字が少し消えます。改善されたら嬉しいです。,ja,중립,0.5111890435218811
appstore,jp,5,2021-09-09 11:20:05,"神です！
こういうのよくわからなかったんですが、すぐ使えるようになりましたし、全てが神です",ja,긍정,0.8073347806930542
appstore,jp,1,2021-09-04 07:38:44,🤣←この絵文字の消し方がわからない。空白にしても出てくる。❔のところに来ると必ず表示されてしまう。,ja,중립,0.4225578308105469
appstore,jp,1,2021-08-30 03:50:26,"対応いただいた者ですが記載されてるメールアドレスに送信してもメールが返ってきます。アドレスは間違ってないですか？
受信可能なメールアドレスを今一度記載して頂けますと幸いです。",ja,부정,0.26571759581565857
appstore,jp,5,2021-08-26 04:36:01,YouTubeの自動字幕より精度が高く、気に入っています。ただ、行選択が一行ずつしか出来ないので、長い動画だと面倒くさい。シフトで一気に複数行選択出来るようにして欲しいです。,ja,긍정,0.7204301357269287
appstore,jp,5,2021-08-18 11:11:25,"喋ってない所は直ぐにかなり早くカットでき、字幕の精度もほぼ完璧。

YouTubeの字幕と比べると比べ物にならない良さがある。

時短に繋がるのでYouTubeなどやっている人は必須アプリかと思います。",ja,긍정,0.9404372572898865
appstore,jp,5,2021-08-13 04:28:49,動画編集などにあまり詳しくない私でも、迷わずできました！ありがたいアプリです。,ja,중립,0.6354402303695679
appstore,jp,5,2021-08-08 11:10:01,"字幕に時間かかっていたのが、あっという間に変換！！
サイコーーー
これは、有料版でも購入するクオリティー🌟
無料で、本当に感謝！！！",ja,긍정,0.7352773547172546
appstore,kr,5,2021-08-02 15:31:55,"몇몇 아쉬운점이 있지만, 간단한 컷과 빠른 자막으로 잘 사용하고 있습니다..",ko,긍정,0.8949751257896423
appstore,jp,5,2021-07-30 14:08:09,編集がむちゃくちゃ楽になった。これで無課金はヤバイ！オススメです！,ja,중립,0.565047562122345
appstore,kr,4,2021-07-26 07:48:26,전체 자막 복사 후 다른 프로젝트 동영상에 씌우기 위해 붙여넣기를 시도해도 클립보드에 복사된 것이 없다고 뜹니다. 목소리 없이 자막만 들어가는 브이로그 편집을 위해 어플을 사용하고 있습니다. 목소리가 들어간 영상에서 추출한 텍스트를 다른 프로젝트 영상(목소리가 삭제된 영상)에 삽입할 수 있는 방법은 없나요?,ko,부정,0.19929848611354828
appstore,kr,5,2021-07-24 17:59:58,단언컨데 역대급 편집툴입니다…,ko,긍정,0.9202594757080078
appstore,kr,5,2021-07-24 07:20:41,"자막 뿐 아니라 필요없는 무음구간까지 편집하니 
시간이 많이 절약 됩니다. 
아이무비나 다른 편집앱보다 훨씬 엣지 있답니다~",ko,긍정,0.9943732023239136
appstore,kr,5,2021-07-20 06:08:46,자막이 나와 너무 좋습니다,ko,긍정,0.981092095375061
appstore,jp,4,2021-07-07 13:36:31,"音ズレとノイズをなくしてほしいです
それ以外はとても良いです",ja,중립,0.6087614893913269
appstore,jp,5,2021-07-01 10:25:29,完璧ですっ！,ja,긍정,0.8662523031234741
appstore,kr,5,2021-06-28 14:39:04,"웬만한 어플은 리뷰 안쓰는데, 넘 만족스러워서 작성해요! 유튭 편집하면서 pc버전으로 주로 쓰고, 어플은 영어번역이 필요할때 주오 사용해요 ㅎㅎ 
영어번역이 넘 퀄리티있고 센스있어요! :)
감사합니다",ko,긍정,0.9951238036155701
appstore,jp,5,2021-06-28 09:35:18,文字起こしだけでもありがたいですが、さらに翻訳機能も付いたので抜群に役に立っております,ja,중립,0.6218782663345337
appstore,jp,5,2021-06-10 03:05:03,"音がずれるのをアプリ内で修正できるようにして欲しいです
外は満足です",ja,긍정,0.7410129904747009
appstore,kr,3,2021-05-29 12:03:49,"자막기능 당연히 베스트입니다.
다만 최근 내보내기 기능이 되지 않아 짜증날 떄가 한두번이 아니에요. 계속 다시 시도하라고 나옵니다. 재부팅을 해도 되지 않아 화가 납니다.",ko,부정,0.1249413937330246
appstore,jp,5,2021-05-27 22:34:25,"素晴らしいアプリなのですが、[?]の部分を一括で削除することは出来るのでしょうか。
置換機能で一括削除を試みましたが、検索に引っかからない状態です。
ご教授の程よろしくお願いします。",ja,중립,0.5359739065170288
appstore,jp,1,2021-05-23 21:50:51,エクスポートした動画の字幕が編集画面での字幕と異なり、2段に改行されている時がある。1本編集するたびに１回〜２回起こるので、エクスポートした後確認して直し、再度エクスポートするという、作業効率が結果悪い状況になっているので、早急に直して欲しい,ja,중립,0.37808626890182495
appstore,jp,5,2021-05-21 13:42:37,"字幕入れるだけに使用しているのですが
無料でこの操作性なら満足です
欲をいえば縦書きも対応されるとありがたいかな",ja,부정,0.29235196113586426
appstore,jp,5,2021-05-19 06:53:27,"最高のアプリです。英語→英語なのですが、それに日本語訳をつける機能が欲しいです。
PS
と思ってレビュー記入したら！翌日、アプリのチームからわざわざご回答頂きました。早いっ！
「英語を日本語に翻訳する機能は編集画面の左上にある【三】ボタンを押すと【字幕を翻訳する】機能があります！そちらの機能を利用すると英語を日本語に訳することができます。」
という事です。最高の中の最高！Best of the Bestです！

ありがとうございます😊",ja,긍정,0.9670068025588989
appstore,us,5,2021-05-17 15:07:00,前は非常に良かったけど、急にプロジェクトを保存出来なくなってとても困ってる。以前は良かっただけに今はとても困ってる。早く治して欲しい,ja,중립,0.6654792428016663
appstore,jp,4,2021-04-22 03:47:48,"こんな簡単に字幕が付くのは楽で嬉しいです
助かってます。、みなさんも是非損はないと思いますのでオススメします。
iPhoneやiPadで作った動画を同じアカウントであれば見られると嬉しいのですが、編集登録した端末のみでの視聴となるようなのでそこは残念でした。同じアカウントでログインしているので見れたら星5個でした😙",ja,중립,0.6878015398979187
appstore,jp,4,2021-04-16 05:49:37,"かれこれ１年位、動画の字幕付けに愛用しています。
音声入りの動画をこのアプリにアップするだけで、字幕が入るので、誤った部分や、字幕を入れるタイミングの調整をすれば、字幕入りの動画に加工できるので気に入って、課金しています。

デベロッパーさんへ
最近(2021年４月現在)、アプリに動画をアップしたときに、字幕のタイミングが著しくズレているようで、以前ほどのスマートさが感じられないのですが、iOSアップデートへの同調が遅れているのでしょうか？",ja,긍정,0.7779648900032043
appstore,jp,1,2021-04-06 14:15:57,"(迷惑フォルダも確認しましたが見つかりません)
どう対処していけばいいでしょうか？
ちなみに使用メールはGmailです。",ja,중립,0.6156419515609741
appstore,jp,5,2021-03-29 04:47:27,いいアプリ提供して下さりありがとうございますw,ja,중립,0.6984544396400452
appstore,kr,5,2021-03-22 10:13:33,들숨에 재력과 날숨에 건강하십시오,ko,긍정,0.7509362697601318
appstore,jp,5,2021-03-17 15:58:48,"すっごく使いやすい
説明なしでもサクサク行ける
その上かなり正確
数字には弱いようだ
さらに必要のないところを削除できて編集にも役立つ
文字の出るタイミングは、多分編集出来ない(私がわかってないだけの可能性もあるが)
スマホでのyoutube動画の字幕作成に使ってるが、センスの良いデザインも選択できる

気に入ってます。大感謝",ja,긍정,0.8816751837730408
appstore,kr,5,2021-03-11 12:59:52,"와,,,진짜 저 살면서 아이폰 어플 리뷰 한 번도 해본 적 없는 사람인데, 개발자님 너무 멋있습니다. 덕분에 대학교 싸강 영어 수업 따라가기 어려웠는데, 이 어플로 제대로 공부하고 있습니다. ㅠㅠ듣기가 약해서 좌절하면서 수업듣고 있었는데, 한국교수님이 영어로 이야기하는 수업인데도 발음 음원인식 너무 잘해서 덕분에 편하게 수업 듣고 있습니다. 심지어 동시자막 인식까지,,살면서 가장 유용하고 편하게 도움 받으며 쓰는 어플 같네요. 진심으로 감사합니다. 개발자님 적게 일하고 많이 벌으세요❤️",ko,긍정,0.9937851428985596
appstore,jp,5,2021-03-07 13:03:39,操作方法については、少し分かりにくい箇所(どこで分割や結合できるのかなど)あるが、慣れれば、かなり感覚的に使える。しかもこれが無料。パソコン版も使ったことがあるが、特に「アプリ版だからここが不便」というものはないです。ありがとうございます。,ja,중립,0.43583914637565613
appstore,jp,5,2021-03-07 00:06:25,"ジェットカットが非常に優秀です。

字幕変換に関しては滑舌をしっかりゆっくり喋れば問題ありませんが、私は早口で滑舌も良くないので誤変換が3〜4割ほどあります。

YouTube動画の作成に重宝しています。",ja,긍정,0.8484886288642883
appstore,kr,5,2021-03-06 07:28:44,Ui가 편하게 잘 되어있어요! 간단한 영상 보정까지 가능하면 더 좋을 거 같습니다. 폰트 검색도 가능하면 더더 좋겠어요!,ko,긍정,0.993790328502655
appstore,jp,5,2021-02-28 02:06:41,無料でここまで使えるとは神アプリです。最初は修正だらけだった音声認識ですが、どんどん進化して作業にさほど手間がかからなくなりました。字幕の位置や色、フォントも種類が豊富でありがたいです。,ja,긍정,0.8379610776901245
appstore,kr,5,2021-02-25 02:35:13,영상 작업하면서 제일 노가대 중 하나가 자막이었는데 한방에 해결합니다. 정확도도 좋고 디자인도 좋고 사용하기도 편합니다. 별 다섯개 꾹꾹 누르고 갑니다.,ko,긍정,0.9894541501998901
appstore,kr,5,2021-02-22 14:10:44,자막이 동시에 여러개 들어갈 수 있는 기능이 생기면 정말정말 좋을 것 같아요!! 한 컷에 자막 하나가 아닌 여러개 이곳 저곳 넣을 수 있게요! 제발 이 기능 부탁드려요~ 그리구 자막에 키프레임 설정도 생긴다면 완전 완벽입니다!,ko,긍정,0.986111044883728
appstore,kr,4,2021-02-16 04:54:19,로그인이 안됩니다! 비밀번호를 다시 설정하려고 해도 타임아웃이라고 하는데 어떻게 해결해야 할까요??,ko,부정,0.03631562739610672
appstore,jp,5,2021-02-11 22:30:05,使いやすいです！,ja,긍정,0.7295964956283569
appstore,jp,5,2021-02-08 12:01:17,いつもYouTubeの動画編集に使わせてもらっています。今まで手動で字幕を入力していたのですが、このアプリのおかげで字幕を入力するのが楽になり、動画編集にかける時間が少なくなって助かります,ja,중립,0.5216808319091797
appstore,kr,1,2021-02-03 08:19:13,"짜잔!!! 여러분은 이제부터 이 앱의
저주에 걸리셨습니다!
이저주에 걸리신 여러분 잘들으세요
며칠동안은 잘 되다가 어머나!!!내가 만든 동영상~내가 내 사진파일로 보낸다는데~!왜 내보내기가 안될까??? 
하하하 제 심성을 건드셨으니!1점 줍니다!
어머~~~말 안한거 있다!
이거 껐다 켜면은 해결

된다고할줄알았죠~!
응 아니야 음성 불러오는것도 겁나 힘들더니
핑 렉도 심하고 참.... 
이거 한번 저주 걸리면 ! 영원히 안되는건가?
어이고어이고... 만년설이 물이 되어 흐를때까지 안된다구요?!
우와.. 그러면 벼락 맞고 로또 당첨되는게 더 쉽겠어요 !
만약 이 저주를 피하고 싶다면
딴 앱 까세요 ㅎㅎ!
한마디로! 망앱!",ko,부정,0.007248241454362869
appstore,jp,4,2021-01-30 13:12:09,"とても素晴らしいアプリです！！
このアプリと出会ってから動画の投稿頻度が爆上がりしました。
しかし、音ズレが気になります。
iPadで編集後、パソコンで修正するので良いのですがvrewで編集後アップ出来たらさらに便利です。

そして、ちょっと前までmov形式で書き出し出来ましたが何故かmp4形式でしか書き出せなくなりました。

またこれは要望ですが、音声入力された字幕とは別に字幕を新規に入れられると良いなと思いました。

自分の音声に対して文字でツッコミを入れるので…(笑)

とっても良いアプリなのでこちらを是非改善していただけたらと思います。
これからも応援しております！！",ja,중립,0.6077156662940979
appstore,jp,5,2021-01-26 08:17:39,動画の編集は出来るけど写真の編集が出来ないのが残念　　　　　　写真の編集が出来るようにしてください！,ja,중립,0.6118090152740479
appstore,kr,5,2021-01-20 20:14:10,좋아요 좋아요 너무 좋아요~~,ko,긍정,0.8569034337997437
appstore,jp,2,2021-01-16 12:41:00,機能は良いのですが、エクスポートした動画の色合いが凄い事になるのですが、何故でしょうか？,ja,중립,0.6859492063522339
appstore,kr,3,2021-01-08 03:42:36,자막을 조금 띄엄띄엄 넣고 싶은데 계속 이어지게 되니까 자막을 몇 초부터 몇 초까지 넣을 건지 설정할 수 있게 해주세요,ko,중립,0.520257294178009
appstore,kr,5,2020-12-28 13:55:28,"감사하고 사랑합니다 ㅠㅠ
이렇게 훌륭한 앱을 무료로 이용할수 있게 해주시다뇨ㅠㅠ",ko,긍정,0.9896476864814758
appstore,jp,5,2020-12-24 11:41:10,このアプリを作ってくれたことに感謝しかありません本当にありがとうございます😊,ja,긍정,0.9199718832969666
appstore,jp,4,2020-12-23 09:52:48,"いつも動画編集で重宝させていただいています！UIがシンプルでとても使いやすいです！一つお願いなのですが中国語から日本語への自動翻訳機能を追加してくれると助かります！無料で使わせて持っている身分でわがままかもしれませんが、ご検討お願いします！
長文失礼しましたm(_ _)m",ja,긍정,0.7715100049972534
appstore,jp,1,2020-12-06 07:22:18,"このアプリ使い勝手悪くはないんですけど何時間もかけて編集した後にエクスポートしたら文字の配列大きさが変わってることが多すぎます。
いい加減に治してください。",ja,긍정,0.809043824672699
appstore,jp,5,2020-12-04 23:00:06,"いいです。
使いやすいし最高！
効果音とかも入れてみたい",ja,긍정,0.9830507636070251
appstore,kr,5,2020-11-29 16:31:16,"잘 사용하고 있습니다

무료로 사용하기에 로고는 지우지 않고 영상을 올리고 있습니다

지금도 좋지만 더 발전하길 바랍니다",ko,긍정,0.9779375195503235
appstore,jp,4,2020-11-29 01:00:45,翻訳であまり正しく読み取ってくれないので、もう少し性能を上げていただければ、もう感謝しかありません(｡ᵕᴗᵕ｡),ja,중립,0.6638166904449463
appstore,kr,5,2020-11-28 22:23:52,사실 얼마나 인식을 잘할까 했는데...진짜 대박이에요..여러분 꼭 쓰세요.ㅎㅎ 영상만들떼 자막 귀찮아서 안넣던 1인인데 무조건.. ㅠㅠ 감사합니다,ko,긍정,0.9919861555099487
appstore,jp,1,2020-11-28 09:03:50,ア◯ルとか下品な言葉ばっかり翻訳されて草,ja,중립,0.3970341980457306
appstore,kr,5,2020-11-27 10:34:26,아이폰으로 편집하면 넘좋아요,ko,긍정,0.9554423689842224
appstore,kr,5,2020-11-22 12:28:10,",무음삭제가 너무좋고요
아직은 아쉬운점 없어요",ko,긍정,0.9509215950965881
appstore,jp,1,2020-11-20 17:02:35,正直使えない。ただテロップをAdobeのプレミアで入れるよりは　手動で大幅に修正しながら入れられるので簡単,ja,긍정,0.8492836952209473
appstore,jp,4,2020-11-17 00:48:33,"とても重宝してます。
文字の色が変えられるし、編集しやすいし、
これで無料なのが不思議なくらいです。

強いて挙げるなら、新しく動画編集をするのに一回一回アプリを終了させないといけないところが少し不便と言ったところでしょうか。
編集環境はiPad Proですが、私だけかもです。",ja,중립,0.4019976556301117
appstore,kr,5,2020-11-07 03:07:13,정말 유튜버 하는 분들은 강추입니다,ko,긍정,0.8386714458465576
appstore,jp,1,2020-11-06 03:11:11,とりあえず作った動画の削除方法が解らすエクスポート先の動画と元動画を削除したからか、ホームをタップするとフリーズする。ユーザーの解説をいくつか見ても、終わらせ方が解らない。,ja,중립,0.6205655932426453
appstore,jp,5,2020-11-04 09:37:40,一つお願いがあります！できれば下ネタ系の単語は非表示にしてもらえませんでしょうか。たまに読み込み間違いで「ち○この硬さが…」とか、ひどい単語のものに間違って変換されています(＞人＜;),ja,중립,0.44083869457244873
appstore,us,5,2020-10-31 21:45:21,"After having Simple caption apps stop working for me in the last month, I thought I would be without an app and unable to caption my videos. But then after finding this app I was more than satisfied in its performance, in the fact that the watermark isn’t huge, and the fact that it’s free. This app does what so many caption subscription apps should do. It is a great quality and I look forward to using it to caption all of my future videos.",en,긍정,0.965643048286438
appstore,us,5,2020-10-28 09:38:18,"This app is so far one of the best I have used. It can detect the texts from sound and converted them into subtitles.

Not only it can add subtitles to videos, but the subtitles can be adjusted with size and colors.

Plus, there’s an option to copy all subtitles as text only.

There’s one more function that’s extremely helpful, the translation.

Right now there are several important languages that are available. One can choose to translate it and keep the converted language or just keep two languages together.

Thank you so much for developing such a good application. Really 
appreciate it!!",en,긍정,0.902838945388794
appstore,jp,5,2020-10-27 04:40:08,"授業がオンライン化され、教えている学生などに聴覚障害の学生もいるため、字幕が欠かせません。
ほかのアプリケーションより音声認識が正しく、後からの修正も楽なため手早く編集可能で重宝しています！

数字の音声認識後の変換が数字ではなく、音の読みになってしまうので(“13”といれたいのに”じゅうさん”となってしまう)そこだけが今後に期待の部分です。",ja,긍정,0.777248203754425
appstore,jp,3,2020-10-25 09:50:33,縦書きがほしい,ja,중립,0.5610162019729614
appstore,jp,4,2020-10-14 13:31:38,しゃべり手が二人いる場合分けて文字を起こすことはできますか？,ja,긍정,0.7569856643676758
appstore,kr,4,2020-09-26 14:26:56,"어플 설치하고 처음 시험삼아 영상 불러왔을 때는 분명 자막을 수정할 수 있었던 것 같은데
오늘 제대로 자막 넣으려고 했더니 갑자기 자막 수정이 처음 부터 안됐던 것처럼 키보드조차 올라오지 않네요ㅠ 혹시 영상 길이 제한이 있나 싶어서 1분짜리 짧은 영상도 열어봤는데 수정이 안돼요...
답답하네요ㅜ 버그인지 뭔지ㅜㅜ
ios14로 최근에 업그레이드 한 거 때문에 호환이 안되는 건가요??",ko,부정,0.016503870487213135
appstore,jp,5,2020-09-24 09:10:21,"アップデートしたらテキスト部分をタップしても編集できなくなってしまいました。
修正内容が見つかって、直したいのですが、反応せず、とても困っています。
同じ現象が起きている方、いらっしゃらないですか？
どう対処したら良いでしょうか？",ja,긍정,0.7680903673171997
appstore,kr,5,2020-09-23 20:47:25,언제쯤 나오나요?,ko,중립,0.5886239409446716
appstore,jp,5,2020-09-22 20:49:47,"是非対応言語を増やしていただきたいです。
特に中国語！
お願いしますmm",ja,긍정,0.8371909260749817
appstore,jp,1,2020-09-19 13:49:30,"アプリ側からもクレームして返事待ちです。
音声認識をして字幕修正中の動画が消えてしまって心底困っています。
会員登録が必要になって、登録前に作業していたものも消えてしまったことがあったが、それは当方の場合はもう過去のことで問題なかったので流してましたが。
会員情報まわりが非常に不安なのでお気をつけください。
何か対応があれば再度レビューします",ja,중립,0.5921931862831116
appstore,kr,5,2020-09-15 22:27:08,"Vrew를 아주 유용하게 쓰고 있는 유튜버입니다.제가 유튜브를 하다 보니 영상에 인트로,아웃트로를 넣어야합니다.그런데 배경음악을 넣으면 인트로,아웃트로의 배경음악과 겹치더군요.그래서 결론은 특정 구간에만 배경음악을 넣을 수 있는 기능을 추가해주셨음합니다!",ko,긍정,0.9166668653488159
appstore,jp,3,2020-09-05 08:40:25,とてもありがたいアプリですが、あまり機能してないような気がします。韓国ドラマをこれで見てますが翻訳できてないことが多いです,ja,긍정,0.8283491134643555
appstore,jp,2,2020-08-29 01:41:14,"カットしたつなぎ目のところでブチッと異音が頻繁に発生します

改善に期待しています",ja,중립,0.3412092924118042
appstore,kr,5,2020-08-25 11:18:17,"진심으로 감사드립니다. 

흥하세요^**",ko,긍정,0.9768810868263245
appstore,kr,5,2020-08-22 16:48:42,"말자막 쓰는 영상에는 최고라서 블로그 리뷰로도 홍보 많이 하고 있습니다
그런데 혹시 유튜브자체 자막처럼 기존에 문서화된 스크립트를 한번에 입력해서 싱크 맞춰 자막만드는 기능을 추가하실 계획은 없으신지요? 
대본을 읽는 영상의 경우 이렇게 가능하면 정말 좋을 것 같아요.
그리고 유료화 좀 하시길... 그냥 쓰기 미안해요",ko,중립,0.5181271433830261
appstore,us,1,2020-08-22 00:13:41,App is way to hard to use and is confusing. Please improve the ui,en,긍정,0.8499581813812256
appstore,jp,4,2020-08-12 22:21:58,"mp3でのエクスポートが無くなったからなのかvrewで、字幕を付けた動画をiPhoneに、エクスポートすると、テロップが最初のまま動きません。

非常に、助かっていただけにどうしたら良いか分からず書き込みました。
iPhone xsで使用してます。こちらの操作で改善できるなら情報願います。",ja,긍정,0.8238980174064636
appstore,kr,5,2020-08-10 14:33:18,"지금까지 써 본 어플중에 가장 좋습니다. 익스포트 되는 것도 좋구요. 
다만 자막구간이 3초로 지정되어 나눠지는게 조금 불편해요. 타임을 사용자가 임의로 찍을 수 있었으면 좋겠어요. 
어플 사용하는 중에는 블루투스 키보드를 연결해서 작업하는데 만약 단축키로  스타트타임만 찍을 수 있어도 아주 좋을 것 같습니다. 더 많은 언어팩을 위해서 유료결제할 의사도 충분하니 많은 발전과 업데이트 바랍니다^^",ko,긍정,0.9922673106193542
appstore,jp,4,2020-08-06 03:02:11,"凄く凄く使いやすくて、字幕編集に使用しているのですが、複数のテキストを入力できるようにして欲しいです。
それができれば本当に文句なしです！",ja,긍정,0.7561085224151611
appstore,jp,3,2020-08-04 13:07:17,字幕つけるのはとってもいいと思います。いつもの半分以下の時間でできます！それはいいんですけど、保存しようとしても保存できないし、LINEにも送れません。一緒にYouTubeやってる仲間に送れなくて今困っています。どうしたらいいでしょうか。,ja,중립,0.6343338489532471
appstore,kr,5,2020-08-02 08:00:37,어떻게 해야하나요?,ko,중립,0.6483314633369446
appstore,us,5,2020-07-15 04:59:45,"I love Vrew! Such an affordable app! Rating this five stars! Good job, Vrew Team!",en,긍정,0.9788342714309692
appstore,kr,5,2020-06-17 13:19:46,"영상디자인을 전공해서 사회에 나왔더니 ㅎ정말 방송국에 오래된 편집기들,시간낭비 속에서 거꾸로 돌아간다는 느낌을 지울수가없었어요 영상툴의 발전과정,?역사?를 생각하게되고.이건 더이상
밥벌어먹을 기술이 아니구나 깨닫게되었죠. 이런게 나올거라 생각은했지만 정말 직관적으로 잘만들었네요.디테일이 미침.딥러닝 진심 배우고싶다.",ko,긍정,0.9957055449485779
appstore,jp,4,2020-06-08 13:55:35,"画期的なアプリですね。
編集アプリへの書き出しをお願いしまーす！",ja,중립,0.5790085196495056
appstore,jp,5,2020-06-08 11:40:49,"アプリにはいっている無料の音楽を入れてYouTubeにアップしても著作権的に
大丈夫ですか？",ja,부정,0.13418878614902496
appstore,jp,5,2020-06-06 12:52:47,"こんなアプリ探していました
1つこうして欲しいものがあります。本当はあるのか分かりませんが変換した語句を違う語句に言い換える必要があった場合、全て探して変換しないといけないので最初に変換したら全てに反映する一括変換する機能があると更に良いです。でも今までの手間を考えれば神アプリです。",ja,중립,0.640975296497345
appstore,us,5,2020-06-05 20:43:01,This app is fantastic! If you are looking to add subtitles to your videos this app is this best! The app comes with a range of customizations and even exports to SRT.,en,긍정,0.9183406829833984
appstore,jp,5,2020-05-31 10:49:03,神じゃん,unknown,중립,0.6635390520095825
appstore,kr,5,2020-05-24 09:54:44,그런데 지원언어가 부족해요ㅠㅠ 중국어 추가해주실계획 있나요??,ko,긍정,0.8577700257301331
appstore,kr,5,2020-05-22 14:24:09,"처음으로 글 남깁니다.
지금까지 본 최고의 앱입니다.
가끔 취미로 번역 작업하는데 이보다 더 편한 앱을 본 적이 없네요.
기능은 물론 사용자 편의성이 환상적입니다.
이걸 무료로 풀어주시니 개발자 님께 정말 감사할 따름입니다.
피드백도 해주시고 의견도 반영해 주시는 개발자님께 다시 한 번 감사드립니다.
저도 개발자로서 약 10년 정도 일했는데, 진심 존경합니다^^
화이링~",ko,긍정,0.9951322674751282
appstore,jp,5,2020-05-20 08:39:16,"カット編集のために使ってみましたが、めちゃくちゃ便利で感動しました！
無音だけでなく任意の語句も一括消去できたらもっと助かります！",ja,중립,0.6102495789527893
appstore,jp,4,2020-05-19 13:39:17,"Vrewの字幕と動画編集のアプローチは文句なく素晴らしい出来だと思います。性能については申し分なく、macOS上でどんどん編集などして使い慣れていってます。

そこで、iPad版でも便利に使いたいと思ったのですが、macのキーボードショートカットに慣れたため、どうしてもタッチ操作だけだと違和感が大きくなってきました。

Macgic Keyboad for iPadも登場し、iPadもトラックパッドが使えるようになりましたので、ぜひそちらに対応してもらえたら、さらにVrewの活躍する場面が増えると思います。

よろしくお願いします。",ja,긍정,0.7037292718887329
appstore,kr,3,2020-05-19 04:46:52,약간의 오류가 있어서 수정을 하는데 자막 시간 편집이 안되네요.,ko,긍정,0.7217816114425659
appstore,kr,5,2020-05-09 10:47:03,"우연히 발견을 했는데 정말 좋네요. 최고입니다
UI부터 거부감이 없고 자막편집이 너무편리합니다",ko,긍정,0.9937776327133179
appstore,kr,4,2020-05-08 14:21:26,사용자가 직접 해상도를 설정할 수 있게 해주시면 좋겠습니다. 1080p 또는 60프레임도 프레임도 설정할수 있게 해주시면 정말 감사하겠고요.,ko,중립,0.5686588287353516
appstore,jp,5,2020-05-06 02:03:33,"本当に助かっております！
ひとつ可能ならお願いしたいのですが
BGMの音量をコマごとに変えることができるようになるとうれしいです！
タイトル画像の時は上げて、動画に入ったら下げるっていう風にしたいのでご検討くださいませ。",ja,긍정,0.7266088724136353
appstore,jp,5,2020-05-05 15:46:15,"なぜ無料で提供されているのかが分からないくらいすごい。
アプリも落ちない。
日本語翻訳もほぼ完璧。
感謝感激雨嵐。

製作者さん本当にありがとうございます。",ja,중립,0.4620223343372345
appstore,jp,4,2020-05-05 03:30:31,"精度の高い字幕、そして空白の部分を自動カットしてくれる、有能なアプリ！
これを望んでいたと言っても過言ではない
あとは手動でカットできる機能も欲しかったですね。
Android版も出してほしいですね^_^
よろしくお願いします🤲",ja,긍정,0.8962496519088745
appstore,kr,1,2020-05-02 15:22:21,"13분 영상 자막 다 썼는데...
익스포트 하니까 씽크가 안맞아요
와 어떻게 해야하나요...",ko,부정,0.1718355417251587
appstore,jp,5,2020-04-30 08:04:22,最近のアプリは恐ろしく凄い･･･,ja,긍정,0.8939170837402344
appstore,kr,1,2020-04-28 01:27:33,아무리 좋은 프로그램이라도 내보내기가 안되서 사용이 안되면 무용지물인것 같네요 영상내보내기를 누르면 계속 멈춰서 한시간이고 두시간이고 진행이 안됩니다,ko,부정,0.0017653104150667787
appstore,kr,5,2020-04-18 07:44:40,"어플로 편집했을 때 동영상만 내보낼 수 있는데
피씨버전에서는 srt 파일로 익스포트가 되더라구요! 
한글은 본 앱으로 편집하고 다른 나라 언어는 srt 파일로 익스포트 후 유튭에서 불러오고 싶습니다 ㅜㅜ 피씨버전만 가능한 기능인가요!?",ko,중립,0.3770882785320282
appstore,kr,5,2020-04-12 08:29:26,"독일어가 필요해서 그런데...
추가될 계획이 있는지,
언제쯤은 가능할거 같다라는 것이 있을까욥?

앱은 정말 기똥차게 좋아욥!!!",ko,긍정,0.965387225151062
appstore,jp,4,2020-04-10 15:19:53,ものすごく便利です！ただエキスポートするとファイルサイズが小さくなって4kから720に変わりました。,ja,중립,0.5292266011238098
appstore,jp,4,2020-03-31 17:32:06,"日本語のラジオの文字起こしに使用しています。文字起こしに関しては少し修正するだけでいいので重宝しています。二人以上が同時に喋っていると、どうしてもぐちゃぐちゃにはなってしまいますが...

フォントも文字の装飾パターンも豊富で（装飾方法の保存もできる）、字幕の位置も自由に変えられて。二つ以上の動画を読み込んだままにしておけるのも良いです！

ただ、デスクトップ版にあるような字幕のタイミングの細かな変更ができないので、字幕が不自然なタイミングになってしまうことがあります。デスクトップ版と同じようにタイミングを修正できる機能をつけていただけたら嬉しいです！（反対にデスクトップ版は文字の装飾や位置に制限があるのでアプリの方がまだ使い勝手が良いです）",ja,긍정,0.7997701168060303
appstore,jp,2,2020-03-26 05:12:28,"先日は第二世代のiPad proですぐエクスポート出来たんですが、本日iPhone11でエクスポートがかれこれ2時間は出来ません。
9分弱、テロップなしです。iPhone11では出来ないのでしょうか。",ja,부정,0.22732703387737274
appstore,jp,5,2020-03-09 12:17:47,"半信半疑で使ってみましたが、これだけの読取解析が出来るのかと驚かされました。
最近になって動画作成に多くの時間をかける事が増えてきましたが、字幕作成の苦労に悩む事が多く苦慮していました。
このAPPを活用すれば7割位の文字は自動化されるので、労力はかなり減らせると実感しました。
可能であれば音声データにも対応して欲しい事と、外部ストレージサービスなどからのインポートに対応出来たら有難く思います。",ja,중립,0.5785350203514099
appstore,jp,4,2020-03-04 12:19:29,"すごく使えるけど、いくつかの点で不満がある。
一つは、笑い声のところで絵文字が出てくること。これ→🤣
字幕つけるとこに絵文字で表現することがあるのかな？と思わされる。精々インスタのようなSNSくらい？
二つ目は、字幕の切り方。言葉をいくつかのまとまりにして字幕を生成してくれるのだが、まとまりが大きすぎて画面に字が大量にあるということが起きる。その間最初の方の字幕が消えることがないのでやたらと冗長になる。自分で字幕のまとまりを決められるようにしたい。
三つ目は、字幕の出方がひとつだと言うこと。いくつか演出があったらいいと思う。
まだまだ使い始めたばかりなので、もしかしたら既に機能が備わってるかもしれませんが、製品の向上に役立てたらいいと思います。無料だし、わがまま言い過ぎな気もしますが…笑",ja,중립,0.64518803358078
appstore,kr,5,2020-03-03 07:50:29,빠른 답변과 전화받는 분의 태도...!!👍🏻리뷰를 다시 쓰게 만드네요!! 보안점 잘 수정되서 넘버원 자막프로그램이 되시길..!!!,ko,긍정,0.9850001335144043
appstore,jp,4,2020-03-02 14:19:31,"動画の音声の文字起こしをしてくれる。驚くのは精度と、動画とのタイミング。
普段撮ったファミリー動画も、これでテロップ入るだけで全然違う。
精度は完璧とは言えないが、かなり高い精度だと思う。AIを一番身近に感じた瞬間でした。
テロップの結合や分離も簡単だし、これがあればYoutubeの原稿書きも楽チンだし、そのまま動画アップも出来ますね。
最高のアプリです。",ja,긍정,0.8919067978858948
appstore,kr,5,2020-03-02 07:26:02,제발요 ㅜㅠㅜㅠㅜ 일본어 써보고 매력에 퐁당 빠졌단 말이이죠 ㅜㅠㅜㅜ 살려주세요 ㅜㅜ 중국어 공부에 꼬옥 필요합니다 ㅜㅜ,ko,긍정,0.9723198413848877
appstore,kr,3,2020-03-01 11:51:46,"영어자막을 내보내면 첫자막에서 다음 자막으로 안넘어가요 ㅠ
한국 자막은 잘만되는데 ㅜㅜ",ko,부정,0.12765032052993774
appstore,kr,4,2020-02-24 09:34:26,다만 음성인식이 아직 부족해 보이네요^^하지만 점점 좋어지겠죠? 응원합니다!,ko,긍정,0.9899740815162659
appstore,kr,5,2020-02-22 07:13:45,스마트폰에서 가장 빠르게 자막 컷편집을 하는 솔루션입니다.,ko,긍정,0.905107319355011
appstore,kr,5,2020-02-12 04:23:16,"피씨버전 너무 잘쓰고 있어요
브이로그 편집계의 혁명입니다
너무 잘만든 프로그램.
요즘 편집할 시간이 부족해서 어떡하지 하다가
설마설마하고 앱스토어 찾아봤는데 있네요. 맙소사
이제 폰으로도 편집할 수 있겠어요
개발자님 기획자님 너무 감사드려요
어플은 아직 안써봤지만 기대됩니다!",ko,긍정,0.9947025179862976
appstore,us,5,2020-02-10 17:41:14,"i want to buy this and remove the watermark, when will this be available? other than that, it's a pretty neat app!",en,긍정,0.9096331596374512
appstore,kr,4,2020-02-08 17:37:40,"오타 수정을 많이 해야하는 부분은
제 발음이 문제 같네요 ㅎㅎ

맥용으로 잘 쓰고 있어요
그래서 이 앱도 바로 설치했고 
사용해보니 동일한 사용감으로 아주 좋습니다.

근데 아이폰 용은 srt로 출력을 어떻게 할 수 있을까요?",ko,긍정,0.989781379699707
appstore,jp,5,2020-01-18 08:57:47,"精度もタイミングもほぼほぼ問題なく、これを自動でやってくれるのは驚異的です。
が、最終的に出来上がった動画をチェックすると、微妙な音ズレ(映像より音声が遅くなる)が発生してしまいます。大幅なズレではないですが、少し違和感があります。アプリ内で修正できるようになったら嬉しいのですが…(ipad版で8分ほどの動画です)",ja,중립,0.6929603219032288
appstore,kr,5,2020-01-17 00:56:06,영상 만들면서 자막 만드는게 진짜 핵노가다였는데 정말 너무 감사합니다 ㅠㅠ,ko,긍정,0.9396421909332275
appstore,jp,5,2020-01-09 16:57:57,神,unknown,긍정,0.7492706775665283
appstore,us,5,2020-01-03 05:20:35,"First time using video editing app. It’s so much easier than I thought. Putting subtitles in the clips makes all of my Videos more fun and dynamic. I know this app needs more improvement but let’s see how far they can make it thru. Easy, fun, and most importantly it is free! Thank you.",en,긍정,0.9742208123207092
appstore,kr,5,2019-12-25 07:14:41,"PC버전부터 너무 잘 쓰고 있어서 개발자님께 늘 감사드리고 있습니다. 모바일 버전도 더할 나위 없습니다. 한가지 바라는 점이 있다면 키보드로 단축키가 지원되면 편집 속도가 훨씬 빨라질 듯 합니다. PC버전을 사용할 당시 어절간 이동이나 삭제, 현재 어절에서 재생 시작 등의 단축키가 있어 키보드만으로도 빠르고 수월하게 편집할 수 있었기에 빈자리가 더 크게 느껴지는 듯 하네요. 저는 특히나 아이패드로 사용할 일이 많아서 손의 동선이 좀 아쉽습니다. 키보드 숏컷에 마우스 조합이면 화면을 터치할 일 없이 빠른 편집이 가능할 것 같네요. 다시 한번 좋은 프로그램 감사드립니다.",ko,긍정,0.9862120151519775
appstore,kr,5,2019-12-23 21:32:27,최고 어플입니다. 안드로이드 어플은 언제 나오나요?,ko,긍정,0.9817191958427429
appstore,kr,5,2019-12-21 07:01:02,어제 업데이트된 클립별 자막 글자/크기/위치/색상 적용해 보았습니다. 엄청 멋집니다. 앞으로 애니메이션까지 도입된다면 끝판일겁니다. 개발자님 엄청 돈 벌거라  확신합니다.,ko,긍정,0.9907686114311218
appstore,kr,5,2019-12-17 05:31:54,"개발자님, 좋은 프로그램 만들어주셔서 감사합니다. 군더기 없이 최고의 어플입니다. 다만 언어가 다양하지 못해 저는 이용을 못할꺼 같습니다. 태국어와 러시아어 선택 부탁합니다. 채널상 다양한 언어를 이용하는 채널이라 절실합니다. 감사합니다.",ko,긍정,0.9898921251296997
appstore,kr,5,2019-11-27 03:18:27,이런 좋은 앱이 어떻게 무료일 수 있죠 !!,ko,긍정,0.9919885396957397
appstore,jp,5,2019-11-23 07:55:39,"自分のしたいレベルの動画は、読み込んだ時点でテロップつきで7割完成してくれたため、仕事がめちゃ楽になりました。
このアプリが広まるまでは、周りの人から仕事が早い人に見られるかもしれない。
誤った聞き取りや、漢字の修正も簡単に出来るため、とても便利です。
こういうアプリを待ってました、作ってくれてありがとう◎",ja,긍정,0.7084181904792786
appstore,kr,5,2019-11-13 13:07:39,"지금까지 써봤던 앱중에 유료포함해서도 정말 최고의 앱이라고 자부합니다.
이런 멋진 프로그램을 만들어주셔서 감사합니다 ^^",ko,긍정,0.9934090375900269
appstore,kr,5,2019-10-30 16:26:05,말이 필요 없네요,ko,긍정,0.9704200625419617
appstore,jp,5,2019-10-18 05:12:50,"話した内容を字幕にしてくれるのだが、他の音声入力アプリと違う点は、動画としっかりタイミングを合わせてくれること。これは大変素晴らしい機能で、従来動画編集ソフトでやるところをほぼ自動でやれてしまう。
精度はこれからも学習が続いていくだろうから、期待したい。
内容が間違っていても画面を見ながら簡単に編集できるのも良い。
運営会社の改善して良いものを作ろうとする姿勢も好感がもてるので応援したい。（ウェブ版もあるようです。）",ja,긍정,0.8893747329711914
appstore,kr,5,2019-10-17 04:16:03,"최고의 앱이 아닐까 생각합니다-

아이패드에서 편집하고 자막때문에 컴퓨터로 항상 옮겼었는데 그부분이 해결되는것 같아 너무 좋고

단톡방에서 피드백 받고 또 그걸 업데이트로 빨리 패치해주셔서 너무 좋습니다-

브류짱!!",ko,긍정,0.9947596192359924
appstore,kr,5,2019-10-08 14:43:46,사랑둥이 브루 감사합니다 님들이 저를 자막 지옥에서 살렸어요🥰,ko,긍정,0.7900023460388184
appstore,kr,5,2019-10-08 14:31:27,예전에 앱버젼 기다린다고 했는데 패드백 해주셔서 고맙습니다. 배경색도 글자색처럼 다양했으면 좋겠습니다 ^^ 좋은 앱을 만들어주셔서 고맙습니다 !!!,ko,긍정,0.9912728667259216
appstore,kr,5,2019-10-08 14:03:48,영상에 자막 넣는 게 이렇게 쉽다니... 글자 지우면 영상 자동으로 편집되는 것도 엄청 신기하고 편하네요. 짱입니다.,ko,긍정,0.9914014935493469
appstore,kr,5,2019-10-08 11:18:43,치하키님 영상보고 다운받습니다.,ko,긍정,0.973530650138855
appstore,kr,5,2019-10-08 09:20:05,이제 진짜 루마퓨전과의 조합으로 엄청 편하게 영상작업 할 수 있겠네요ㅠㅠ 정확도도 좋고.. 정말 최고입니다ㅠㅠㅠ,ko,긍정,0.9922046661376953
appstore,kr,5,2019-10-08 07:20:21,브류팀 장수하세요!!!!!! ^^,ko,긍정,0.7042139172554016
appstore,kr,5,2019-10-08 00:44:18,PC버전을 무료로 풀더니 이젠 앱으로 넘어 와서 편집 시장에 찬란한 한 줄기 빛을 비추는 당신은 누구입니꺄?,ko,긍정,0.7509923577308655
